title,price,discount,sold,rating,category,marketplace
aquario de 120 cm de iluminación del espectro completo de la luz de pescado led led con termómetro y memoria lámpara de crecimiento de la planta ip68,893319.47,30,30,,Peces,AliExpress
ropa para perros de verano al estilo hawaiano camisas para perros de playa de masa de moda camiseta de gato con estampado de coco,22166.63,36,325,4.6,Perros,AliExpress
hamaca para mascotas bolsa de restricción de hamaca para perros de hamaca para uñas,21487.93,8,442,4.8,Perros,AliExpress
acuario oxígeno co2 difusor bomba de aire fish vsidion ayerator oxigenator aire disuelto accesorios de acuario de dispensadores,13350.84,25,62,4.7,Peces,AliExpress
"luz de acuario de tanques de pescado programable con monitor lcd y termómetro para plantas acuáticas, función de memoria de las 24 horas, 24/7, lámpara led de ciclo las 24 horas, 24/7, lámpara led",205729.64,31,495,4.8,Peces,AliExpress
acuario de gotas de co2 de vidrio difuso colgada en el indicador del detector del sensor del monitor de co2 indicador para la demanda de pescado tanque de tanque plantado acuático ph,12505.43,64,234,4.8,Peces,AliExpress
bomba de agua de fabricante de ondas para la bomba de pescado de acuarios bomba aeróbica circulación de agua de la bomba de flujo de flujo de la bomba de la bomba de surf de la bomba de surf,48311.51,59,118,4.9,Peces,AliExpress
chaleco de camisa de perros para perros pequeños chihuahua ropa de cachorro tanque camiseta,19800.02,63,132,4.6,Perros,AliExpress
bolsa de cintura para mascotas bolsas de caca al aire libre portátiles bolsas de entrenamiento para perros,28333.99,60,187,4.9,Perros,AliExpress
ropa para perros para perros pequeños camiseta para perros de verano falda para perros blancos vestidos retro retro de cachorro chihuahua bichon ropa,4195.98,64,94,4.8,Perros,AliExpress
bomba de agua sumergible portable usb 8 niveles ajustable 0-400l/h 0-600l/h poba fieba pequeña con lija de liste anterior 0-9.8ft 6.5 pies,70366.46,59,70,4.9,Peces,AliExpress
10/20pcs coloridos arcos para perros pequeños arcos para el cabello de cachorro decorar pequeñas bandas de goma del cabello de perros,3899.29,30,416,4.7,Perros,AliExpress
pequeño medio grande gran impermeables,52973.92,59,35,5.0,Perros,AliExpress
"ropa de mascotas: luz de chaleco para perros y gatos, transpirable, cómodo, simple, generoso, fresco y lindo, adecuado para todas las estaciones",10380.79,64,194,4.4,Gatos,AliExpress
3 en 1 purifier de agua silenciosa purifier de bomba interna filtro de acuario sumergible oxígeno purificador de agua sumergible,41978.91,59,66,4.7,Peces,AliExpress
césped de hierba artificial pee pee pet mata de cabeta peta comentración prasatina para limpiar la alfombrilla de césped con agujeros de drenaje mascota en interiores al aire libre,49102.35,60,53,4.5,Perros,AliExpress
matina de perro de llegada a través de la banel,55257.91,60,273,4.1,Perros,AliExpress
bomba de agua de fabricante de olas de onda de wavemaker para el acuario pescado de pescado bomba aeróbica de circulación de agua bomba de flujo de surf 220-240v,46234.09,61,146,4.3,Peces,AliExpress
denim dog dress harness puppy ropa de verano para pequeños perros medianos chihuahua bulldog francés caminando correa de pecho con anillo d,26947.52,58,17,4.0,Perros,AliExpress
lindo gato de gato refinado elástico otoño invierno gatito gatitos gatitos de tejido tejido,7801.71,51,500,5.0,Gatos,AliExpress
suministros para mascotas tazón de acero inoxidable tazón de diamante bowl cat food food bowl utensilios de alimentos para perros anti slip tazón para perros volcador,25872.96,62,108,4.8,Perros,AliExpress
ornamento de peces ornamento simulado de arrecifes de coral de la isla de resina de resina decoración del acuario de montaña del hogar decoración de antecedentes,36944.68,61,65,4.8,Peces,AliExpress
"bolsa de malla de malla portátil mochila para perros transpirable bolso de perro de gran capacidad plegable, mochila para perros de gran capacidad transpirable al aire libre",71995.35,60,84,4.8,Perros,AliExpress
bomba de aireación de jebo aquario gran acuario aquacultura de peces aquacultura bomba de oxígeno bomba de oxígeno silent fish pond airator,249998.87,58,39,4.0,Peces,AliExpress
ropa de vellón suave para perros invernal de cachorros tibios gatito ropa de mascota para perros pequeños chihuahua bulldog prendedero suéter para perros,8858.18,59,900,4.8,Perros,AliExpress
"papel de almohadilla de jaula de pájaros desechable de 100 piezas, tela absorbente no tejida, papel de almohadilla de jaula de loros, chasis, almohadilla de limpieza de estiércol de pájaros",42828.76,60,108,3.8,Jaulas para Mascotas,AliExpress
moda dog dot dot pet ropa de perro summer suprender falda de cachorros chihuahua yorkie bichon clothing girl disfraz de perros cat vestidos,26794.07,63,135,5.0,Perros,AliExpress
caja de arena para gato kitty sandbox suministros de lámina de gato suministro de gato suministros de limpieza de baños,62180.69,61,1,4.2,Gatos,AliExpress
chaqueta de perro de béisbol ropa de perro de invierno para pequeños perros medianos perros cachorro de cachorro,9536.31,31,1,4.7,Perros,AliExpress
alimentadores automáticos para perros botella de agua de plástico tazón para el tazón de gato que alimenta y bebe agua dispensador de agua para alimentar a las mascotas suministros para mascotas,51828.98,58,600,4.3,Perros,AliExpress
hamaca para mascotas bolsa de restricción de hamaca para perros de hamaca para uñas,21542.96,8,442,4.8,Perros,AliExpress
"luz de acuario de tanques de pescado programable con monitor lcd y termómetro para plantas acuáticas, función de memoria de las 24 horas, 24/7, lámpara led de ciclo las 24 horas, 24/7, lámpara led",206214.1,31,495,4.8,Peces,AliExpress
acuario de gotas de co2 de vidrio difuso colgada en el indicador del detector del sensor del monitor de co2 indicador para la demanda de pescado tanque de tanque plantado acuático ph,12539.52,64,234,4.8,Peces,AliExpress
bomba de agua de fabricante de ondas para la bomba de pescado de acuarios bomba aeróbica circulación de agua de la bomba de flujo de flujo de la bomba de la bomba de surf de la bomba de surf,48429.06,59,118,4.9,Peces,AliExpress
chaleco de camisa de perros para perros pequeños chihuahua ropa de cachorro tanque camiseta,19851.11,63,132,4.6,Perros,AliExpress
bolsa de cintura para mascotas bolsas de caca al aire libre portátiles bolsas de entrenamiento para perros,28404.97,60,187,4.9,Perros,AliExpress
bomba de agua sumergible portable usb 8 niveles ajustable 0-400l/h 0-600l/h poba fieba pequeña con lija de liste anterior 0-9.8ft 6.5 pies,70535.41,59,70,4.9,Peces,AliExpress
pequeño medio grande gran impermeables,53102.33,59,35,5.0,Perros,AliExpress
"ropa de mascotas: luz de chaleco para perros y gatos, transpirable, cómodo, simple, generoso, fresco y lindo, adecuado para todas las estaciones",10409.92,64,193,4.4,Gatos,AliExpress
3 en 1 purifier de agua silenciosa purifier de bomba interna filtro de acuario sumergible oxígeno purificador de agua sumergible,42081.69,59,66,4.7,Peces,AliExpress
césped de hierba artificial pee pee pet mata de cabeta peta comentración prasatina para limpiar la alfombrilla de césped con agujeros de drenaje mascota en interiores al aire libre,49221.74,60,53,4.5,Perros,AliExpress
matina de perro de llegada a través de la banel,55391.64,60,273,4.1,Perros,AliExpress
bomba de agua de fabricante de olas de onda de wavemaker para el acuario pescado de pescado bomba aeróbica de circulación de agua bomba de flujo de surf 220-240v,46346.79,61,146,4.3,Peces,AliExpress
denim dog dress harness puppy ropa de verano para pequeños perros medianos chihuahua bulldog francés caminando correa de pecho con anillo d,27010.33,58,17,4.0,Perros,AliExpress
lindo gato de gato refinado elástico otoño invierno gatito gatitos gatitos de tejido tejido,7824.83,51,500,5.0,Gatos,AliExpress
suministros para mascotas tazón de acero inoxidable tazón de diamante bowl cat food food bowl utensilios de alimentos para perros anti slip tazón para perros volcador,25938.2,62,108,4.8,Perros,AliExpress
ornamento de peces ornamento simulado de arrecifes de coral de la isla de resina de resina decoración del acuario de montaña del hogar decoración de antecedentes,37035.74,61,65,4.8,Peces,AliExpress
"bolsa de malla de malla portátil mochila para perros transpirable bolso de perro de gran capacidad plegable, mochila para perros de gran capacidad transpirable al aire libre",72168.1,60,84,4.8,Perros,AliExpress
bomba de aireación de jebo aquario gran acuario aquacultura de peces aquacultura bomba de oxígeno bomba de oxígeno silent fish pond airator,250586.52,58,39,4.0,Peces,AliExpress
"papel de almohadilla de jaula de pájaros desechable de 100 piezas, tela absorbente no tejida, papel de almohadilla de jaula de loros, chasis, almohadilla de limpieza de estiércol de pájaros",42933.53,60,108,3.8,Jaulas para Mascotas,AliExpress
moda dog dot dot pet ropa de perro summer suprender falda de cachorros chihuahua yorkie bichon clothing girl disfraz de perros cat vestidos,26856.53,63,135,5.0,Perros,AliExpress
caja de arena para gato kitty sandbox suministros de lámina de gato suministro de gato suministros de limpieza de baños,62330.56,61,1,4.2,Gatos,AliExpress
alimentadores automáticos para perros botella de agua de plástico tazón para el tazón de gato que alimenta y bebe agua dispensador de agua para alimentar a las mascotas suministros para mascotas,51954.71,58,600,4.3,Perros,AliExpress
sombrero de hélice de mascotas colorido desmontable adorable a prueba de sol respirable suministros de tapa decorativa de verano al aire libre,14579.97,47,164,4.5,Perros,AliExpress
mat de enfriamiento de mascotas gato gato almohadilla para dormir helado fresco seda de seda humedad colchón a prueba de colchón de verano cama pequeña cama fría 5 tamaños,63479.6,57,119,4.7,Gatos,AliExpress
camiseta de perros de verano ropa delgada para perros para perros pequeños de perros medianos ropa de cachorro transpirable chihuahua ropa accesorios para perros,19815.63,62,102,3.6,Perros,AliExpress
estera de perros enfriando almohadilla de verano para perros manta de gato sofá cama para perros transpirable cama para perros lavable para pequeños medianos grandes perros grandes automóvil,24678.19,60,28,5.0,Perros,AliExpress
color transparente gafas de perros de mascota impermeables con protector solar a prueba de viento gafas para perros grandes resistentes,35207.84,61,126,4.8,Perros,AliExpress
chaleco para perro de verano lindo estampado de dibujos animados transpirables camiseta delgada para pequeña moda de perro mediano,13486.0,63,121,4.9,Perros,AliExpress
ropa para perros de verano para perros pequeños delgados chaleco de perros delgada ropa de cachorro,17496.73,64,500,4.7,Perros,AliExpress
gafas para perros para gafas de sol de perros de raza pequeña gafas de sol ultraves,35639.68,60,23,4.0,Aves,AliExpress
sombrero de perro hombo de protección solar gorra de béisbol con sombrero de deportes al aire libre con orejas para mascotas ajustables para perros pequeños y medianos perros grandes,19537.59,64,800,4.6,Perros,AliExpress
"summer pet cat hat ajustable, transpirable, de moda cat and dog protection sun decoration suministros de diseño de la fiesta",15402.63,63,64,5.0,Perros,AliExpress
zapatos para perros ositos de peluche zapatos de suela suave para perros pequeños cachorro anti -drop zapatos transpirables de 4 zapatos de mascotas de verano,30629.22,62,79,4.7,Perros,AliExpress
camisas de perros para perros de mascotas de estilo hawaiano para perros medianos pequeños ropa de gato cachorro ropa perro pug bulldog francés,12462.61,64,131,4.3,Perros,AliExpress
ropa para perros enfriando verano lindo divertidos xs xxl trajes de mascotas para pequeños bulldog franceses franceses terrier chihuahua yorkie pug gato abrigo,19030.25,55,73,4.9,Perros,AliExpress
dog princess dress linda mascota dog mesh mesh gatito cabeza de mascota vestido de verano papaje coreano poodle chihuahua ropa de perro,13173.9,40,281,4.7,Perros,AliExpress
zapatos para perros de verano transpirables sandalias de mascotas no deslizantes para perros pequeños gatos gatos reflectantes calzado cachorro caminando chihuahua botas 4pcs/set,49937.52,0,31,5.0,Gatos,AliExpress
vestido para perros de mascota estampado de fresa 2025 ropa de perro lindo reino de verano,10303.44,75,150,4.8,Perros,AliExpress
"vestido de perro de mezclilla de mezclilla, ropa de mascotas de verano, falda de boda, primavera",8552.44,43,98,5.0,Perros,AliExpress
summer al aire libre pet pet rain aumin,4195.98,50,37,5.0,Perros,AliExpress
summer cat bed woven tapicería extraíble casa para dormir cat scratch piso rattan ratán resistente a gato suministros para mascotas 35,121444.49,58,121,4.4,Gatos,AliExpress
atuban gafas de perros anti uv fuerte resistencia de impacto elástico ajustable cubro de raza grande gafas de perros gafas de sol transpirables gafas de sol,56775.88,60,310,4.8,Perros,AliExpress
madden summer cooling pet gat cushion almohadilla de hielo matina cuadrada para dormir para perros puppy cats pet kennel de calidad fría fría fría,132109.73,0,190,4.2,Perros,AliExpress
linda ropa de gato summer sphinx camiseta de fondo a rayas gatineros vest para sphynx cat ropa de mascota transpirable dovenrex disfraz,25299.32,64,36,5.0,Gatos,AliExpress
chaqueta salvavidas de perro tiburón aleta cachorro chaleco salvavidas chaqueta de seguridad para natación de perros con mango chaleco para perros,21732.25,8,47,5.0,Perros,AliExpress
pet dog jumpsuits bear chaleco de la primavera de verano para el teddy french bulldog comfort custume de cachorros transpirables,12728.81,14,82,4.5,Perros,AliExpress
vemigo cat cat puppy vest classas classels camiseta sin mangas para perros pequeños,6145.63,49,89,4.9,Perros,AliExpress
co2 co2 co2 disparación de glante de vidrio para co2 comparación del monitor de vador ph probador de monitor indicadores a largo plazo,15438.13,64,127,4.8,Peces,AliExpress
100 ml de perro gato gato anti pulgas de insecto insectcide holones de piojos seguros para el hogar y los perros de los gatos evitan garrapatas,26239.89,62,447,4.6,Gatos,AliExpress
lindo peluche duck sound juguete relleno chillido chillido perra juguete limpieza dental duana mastura juguetes de cuerda accesorios para perros pet,5548.77,45,282,4.6,Perros,AliExpress
masajeador de artículos más vendidos para gatos pp material pets bets brother retire el peinador de cabello table de preparación dogs care royal,14148.54,65,3000,4.7,Gatos,AliExpress
"neence toallitas para los dedos de los oídos para perros y gatos, toallitas limpiadoras de oídos para perros, toallitas desodorizantes para el cuidado de los oídos para gatos y perros, elimina",47960.0,0,300,4.6,Gatos,Amazon
"dispositivos de disuasión de ladridos para perros propios o vecinos, ultrasónico, para entrenamiento de perros seguro y eficaz, antiladridos, portátil, uso en interiores y exteriores, naranja",119960.0,0,40000,4.5,Perros,Amazon
"veken fuente de agua de acero inoxidable para gatos, regalos para papá, fuente automática para mascotas de 95 onzas / 2.8 l con 3 filtros de repuesto y 3 esponjas de prefiltro y alfombrilla de",131960.0,0,20000,4.3,Gatos,Amazon
"pet md toallitas para los dedos de los oídos para perros, cobertura extra y diseño grande, con eucalipto y aloe vera para perros, toallitas de limpieza de oídos para mascotas y limpiador de oídos para",75960.0,0,8000,4.6,Perros,Amazon
"polvo de limpieza de dientes de perro, polvo dental para perros y gatos, placa de limpieza de dientes de mascotas, removedor de sarro y mal aliento para perros, limpieza de dientes de perro con",87960.0,0,8000,4.6,Gatos,Amazon
"pretty litter health monitoring - arena para gatos, arena de cristal no aglomerante, (6 libras (paquete de 2), sin perfume)",195920.0,0,5000,4.3,Gatos,Amazon
"fuente de agua para gatos de acero inoxidable: fuentes para mascotas para gatos/perros tazones de agua automáticos para interiores para beber dispensador de agua para animales pequeños, grifo de riego",79960.0,0,4000,4.5,Gatos,Amazon
"60 almohadillas extra grandes para orina de perro de 28 x 34 pulgadas, superabsorbentes, almohadillas desechables para entrenamiento de perros, almohadillas de secado rápido a prueba de fugas para",99960.0,0,3000,4.7,Perros,Amazon
"collar antiladridos inteligente para perros, collar antiladridos automático para perros pequeños de 5 a 15 libras, medianos y grandes, antiladridos con pitido, vibración y 7 sensibilidad ajustable",135960.0,0,6000,4.7,Perros,Amazon
"paquete de 2 silbatos para perros, silbato para perro para dejar de ladrar a los vecinos, silbato ultrasónico ajustable silencioso para perro, silbatos de entrenamiento profesional para perros",39960.0,0,0,4.8,Perros,Amazon
"100 almohadillas grandes para perros y cachorros, almohadillas absorbentes de entrenamiento para orinal de 28 x 30 pulgadas, almohadillas desechables de secado rápido a prueba de fugas para cachorros",119960.0,0,0,4.5,Perros,Amazon
"collar de choque para perros, collar de entrenamiento para perros de 3300 pies con control remoto, ipx7, impermeable, recargable, elegante, moderno, collar de choque para perros pequeños, medianos y",139960.0,0,2000,4.7,Perros,Amazon
"collar de choque para perros con control remoto – collar de entrenamiento recargable para perros, ipx7 impermeable e collar para perros con 4 modos seguros de linterna, pitido de vibración, choque",95960.0,0,3000,4.5,Perros,Amazon
"spray disuasorio mejorado para gatos, repelente natural seguro para gatos en interiores y exteriores, eficaz ayuda de entrenamiento disuasorio de arañazos para gatos, muebles, sofás",79960.0,0,1000,4.8,Gatos,Amazon
"dispositivo disuasorio de ladridos de perro, dispositivos ultrasónicos antiladridos con 3 emisores sónicos, alcance de hasta 50 pies de largo y control de ladridos recargable, seguro para el",119960.0,0,2000,4.2,Correas para Mascotas,Amazon
"jugbow collar de entrenamiento para perros, collar de perro remoto de 4200 pies con 3 modos de entrenamiento, collar eléctrico con luz led e impermeable ipx8, collar electrónico recargable para perros",199960.0,0,2000,4.5,Perros,Amazon
"difusor calmante de feromonas para gatos: difusor de feromonas prémium para gatos, difusor de feromonas para gatos, difusor calmante para gatos, difusor de feromonas calmante para gatos",99880.0,0,0,4.5,Gatos,Amazon
"juguete interactivo del dispensador de la golosina del perro, alimentador lento",71960.0,0,3000,4.5,Perros,Amazon
"tazón de agua para perros de 6.5 l, sin derrames, 1.6 galones, tazón de agua de acero inoxidable para perros, gran capacidad, sin salpicaduras, comedero lento con alfombrilla antideslizante para",147960.0,0,2000,4.7,Perros,Amazon
"difusor calmante de feromonas para perros 4 en 1, kit de difusor de feromonas para mascotas (enchufe + paquete de 3 repuestos de 1.6 fl oz) para aliviar la ansiedad, reducir los ladridos, la agresión",91960.0,0,2000,4.5,Perros,Amazon
"collar antiladridos para perros grandes, medianos y pequeños, collar inteligente para ladridos, eficaz sin ladridos con modos ajustables de corrección de vibración de pitido, dispositivo antiladridos",143960.0,0,1000,4.8,Perros,Amazon
"timingila papelera giratoria y rastrillo de 36 pulgadas con 100 bolsas para excrementos de perro, mango largo ajustable para limpieza sin doblez, recogedor portátil no rompible para perros grandes,",76720.0,0,3000,4.3,Perros,Amazon
"smart ai - collar antiladridos para perros grandes, medianos y pequeños, dispositivo antiladridos con 5 modos de entrenamiento, exclusivo collar de ladrido forzado, collar de ladrido recargable",159960.0,0,2000,4.9,Perros,Amazon
woof party pupsicle - juguetes interactivos de larga duración para perros para el aburrimiento - diseño de bajo desorden - regalos de cumpleaños para perros - juguetes grandes para perros - fiesta,79960.0,0,2000,4.6,Perros,Amazon
"collar de entrenamiento para perros, collar de choque para perros con control remoto para perros medianos y grandes de 40 a 120 libras, collar de choque impermeable ip68 para perros con vibración de",99960.0,0,0,4.9,Perros,Amazon
"potaroma fuente de agua inteligente inalámbrica para mascotas, sin filtro, gran capacidad de 3.5 litros, dispensador de agua automático recargable para gatos y perros pequeños, separación de aguas",199960.0,0,1000,4.3,Gatos,Amazon
"saffory - cortadora de patas de perro, recortadora de garras para mascotas con luz led, cortadora de mascotas recargable por usb de bajo ruido. adecuado para perros y gatos, para recortar el pelo",79960.0,0,2000,4.3,Gatos,Amazon
"petdroid juguetes interactivos para perros, [2025 recientemente actualizados] juguetes de bola rodante automática activados por movimiento duradero para perros pequeños/medianos/medianos, recargable",100000.0,0,2000,3.8,Perros,Amazon
"toallitas para ojos de perro, removedor de manchas de lágrimas de ángel para todos los perros y gatos, toallitas hipoalergénicas y desodorizantes para perros, toallitas limpiadoras de ojos de mascotas",55960.0,0,1000,4.8,Gatos,Amazon
"juguetes interactivos para perros, pelota móvil para perros con activación táctil, bola rodante activa para cachorros y perros medianos, chirriante, recargable por usb",75920.0,0,2000,4.1,Perros,Amazon
woof mezcla de marionetas para perros – recambios de marionetas fáciles de hacer – mezcla de marionetas sabrosa y saludable – ingredientes saludables – larga duración – mezcla calmante,79960.0,0,2000,4.6,Perros,Amazon
"aspiradora de aseo para perros, kit de aseo para mascotas, cortadora de uñas para perros, taza de polvo de 2.5 l, 7 herramientas de aseo de 11000 pa, aspiradora de perro para pelar el aseo, aspiradora",279960.0,0,2000,4.5,Perros,Amazon
"tazón para perros de alimentación lenta, tercera generación mejorada, cuenco de comida súper firme (cortable) para razas grandes y medianas y pequeñas, compatible con cuenco de vidrio de metal elevado",23960.0,0,2000,4.4,Perros,Amazon
"difusor calmante de feromonas para gatos: difusor de feromonas prémium para gatos, difusor de feromonas para gatos, difusor calmante para gatos, difusor de feromonas calmante para gatos",99880.0,0,2000,4.3,Gatos,Amazon
"prevención de pulgas y garrapatas para perros, collar antipulgas, 2 unidades, ajustable",151960.0,0,900,4.9,Perros,Amazon
"4 collares de gato separables con estrellas de luna de campana, collar de gatito ajustable con brillo colgante, lindo collar de gatito para niñas y niños, gatos, regalos para mascotas,",23880.0,0,1000,4.5,Gatos,Amazon
"jugbow collar de choque para perro, collar de entrenamiento para perros de 4200 pies con control remoto, innovador ipx7, impermeable, con 4 modos de entrenamiento, collar electrónico recargable para",219960.0,0,1000,4.2,Perros,Amazon
"peine para gatos, peine para perros, herramienta de eliminación de pelo de mascotas, peine de pulgas para gatos y piojos de perro, cepillo para gatos con botón de liberación autolimpiante con dientes",35960.0,0,1000,4.2,Gatos,Amazon
"iris usa - paquete de 2 cajas de arena grandes para gatos con escudo de dispersión y cuchara, bandeja de arena para gatos con parte superior abierta de alta cara, color negro",119960.0,0,1000,4.4,Gatos,Amazon
"veken filtros de fuente de agua para gatos, paquete de 12 filtros de repuesto y 12 esponjas de repuesto para dispensador automático de agua para perros de 67 onzas, 95 onzas, 135 onzas",87960.0,0,1000,4.7,Gatos,Amazon
"collar de choque para perros ultra pequeño, ultraligero y delgado, con control remoto de 1300 pies, diseñado para perros pequeños de 5 a 15 libras y perros medianos, control preciso de 198 niveles,",139960.0,0,2000,4.3,Perros,Amazon
dispositivo disuasorio de ladridos de perro 2025 – dispositivos de control de ladridos para perros que detienen el mal comportamiento – silbato ultrasónico recargable para mascotas para dejar de,119960.0,0,0,4.9,Perros,Amazon
"collar antiladridos para perro, paquete de 2, collar antiladridos para perros grandes, medianos y pequeños, collar inteligente recargable, collar de entrenamiento antiladridos con sensibilidad",159960.0,0,1000,4.8,Perros,Amazon
"petlibro comedero automático para gatos con cuenco de acero inoxidable, refrigerado para gatos con refrigeración semiconductora, 3 comidas frescas durante 3 días, dispensador de alimentos para",599960.0,0,1000,4.4,Gatos,Amazon
"corralito para perros de 42 x 42 pulgadas, corralito para cachorros con puerta para cachorros, gatos, perros pequeños y medianos, corralito para mascotas con techo para exteriores e interiores",159960.0,0,1000,3.9,Gatos,Amazon
"cono suave para perros después de la cirugía, collar de recuperación transpirable para perros grandes y medianos, collar ajustable con cono de perro, collar isabelino (l, negro)",75200.0,0,1000,4.5,Perros,Amazon
"collar calmante para perros, paquete de 4 unidades, collar de feromona, alivia la ansiedad y la separación del estrés, dura 60 días, 25 pulgadas flexible ajustable, gris, para perros",71960.0,0,1000,4.6,Perros,Amazon
"collar natural para pulgas y garrapatas para perros, paquete de 4, 8 meses de protección de larga duración, impermeable, tamaño ajustable para perros pequeños, medianos y grandes",143960.0,0,1000,4.6,Perros,Amazon
"pelota interactiva de juguetes para gatos de interior, [2025 recientemente actualizada] bola de gato ágil en movimiento con cola de malla elástica, juguetes automáticos para gatos adultos",83960.0,0,1000,4.5,Gatos,Amazon
"ingenuity doorway - puerta para perros y bebés serie 42w, para interiores y exteriores, no se oxida ni se decolora, se adapta a aberturas de 23-42 pulgadas, 24 pulgadas de alto",79960.0,0,1000,3.8,Perros,Amazon
fuente de agua para gatos en interior: fuentes para gatos de 80 oz/2.4 l para beber - cuencos silenciosos para regar mascotas para gatos en el interior - suministros de agua para gatitos negros - para,67960.0,0,1000,4.4,Gatos,Amazon
"tapete grande de 34 x 22 pulgadas para caja de arena para gatos, almohadilla de silicona impermeable para el suelo, gris oscuro",91960.0,0,1000,4.5,Gatos,Amazon
"difusor de feromonas calmantes para perros 6 en 1, kit de difusor de feromonas apaciguador para calmar (2 enchufes+4 paquetes de 1.6 fl oz de repuesto) para aliviar la ansiedad, reducir la agresión",155960.0,0,1000,4.5,Perros,Amazon
"collar de choque de perro 2 en 1 y collar de ladrido de perro, collar de entrenamiento de perro de 4200 pies con control remoto, 3 modos de entrenamiento y luz para paseos nocturnos, ip67 impermeable",189960.0,0,0,4.8,Correas para Mascotas,Amazon
"extensor de asiento trasero para perros, funda de asiento de coche de fondo duro para perros con ventana de malla, funda impermeable para asiento trasero para mascotas, parte inferior dura,",143960.0,0,1000,4.6,Perros,Amazon
world's best cat litter® boosterstm good habitstm | aditivo natural y sostenible para arena para gatos | atrae a tu gato a la caja de arena y ayuda a evitar accidentes | atractivo a base de plantas |,62200.0,0,1000,3.8,Gatos,Amazon
"meowant caja de arena para gatos autolimpiante, caja de arena automática para gatos con protección de seguridad, control de aplicación, sin olor, gran espacio de 75 litros para múltiples gatos",1079960.0,0,1000,4.3,Gatos,Amazon
litter genie cubo de platino hecho de acero inoxidable duradero que incluye 1 rollo de recarga fácil,207320.0,0,1000,4.6,Correas para Mascotas,Amazon
"green dog poo bags - 120 bolsas grandes biodegradables para excrementos, extra gruesas, fuertes, mezcladas, compostables, a prueba de fugas, bolsa de residuos para perros",23960.0,0,800,4.4,Perros,Amazon
"caja de arena de acero inoxidable con tapa, bandeja de arena extragrande para gatos abatible de 135°, caja de arena de metal cerrada con pala de arena y pedal de filtro, antifugas, sin olor",279920.0,0,1000,4.5,Gatos,Amazon
"aerosol de entrenamiento para perros para entrenamiento de orinal para cachorros, aborda los hábitos de eliminación inapropiados caninos | métodos probados para entornos interiores y exteriores, 3.51",63960.0,0,0,4.8,Perros,Amazon
almohadillas para orina de perro extra grandes 30 x 36 pulgadas (50 unidades),119400.0,0,1000,4.5,Perros,Amazon
"poste rascador para gatos de 35 pulgadas de alto con cuerda de sisal, postes rascadores para gatos de interior y adultos con juguete para gatos y pelota interactiva para gatitos, adultos, gatos",139960.0,0,1000,4.9,Gatos,Amazon
"benebone wishbone - juguete duradero para masticadores agresivos, tocino real, fabricado en estados unidos, pequeño",32680.0,0,1000,4.5,Otros,Amazon
"dispositivos antiladridos, 3 modos de caja ultrasónica de ladridos, dispositivos disuasorios de ladridos de perro, tapón de ladridos de perro, dispositivo antiladridos para perros de largo alcance 50",135960.0,0,0,,Perros,Amazon
"bolsas de repuesto prémium para arena para gatos, paquete de 2 unidades jumbo de 28 pies, dura hasta 8 meses, 2 cartuchos para un control superior del olor",87960.0,0,1000,4.5,Gatos,Amazon
"fuente de agua de acero inoxidable para gatos, fuente automática de agua para mascotas de 101 oz/3 l, fuente de agua para perros con filtros de repuesto para gatos, perros pequeños (2 filtros",86920.0,0,1000,4.7,Gatos,Amazon
"spray sin masticar para perros, spray de manzana amarga para que los perros dejen de masticar, puede proteger eficazmente la seguridad de muebles, plantas, zapatos, etc., objetos de valor, seguro para",51960.0,0,0,4.8,Perros,Amazon
"voluas fuente de agua de acero inoxidable para gatos, fuente de agua inalámbrica para mascotas, funciona con pilas, 108 oz/3.2 l, dispensador de agua automático para perros con bomba silenciosa, fácil",227960.0,0,1000,4.6,Gatos,Amazon
"purina tidy cats bajo polvo, aglutinante control de olores de arena para gatos, ligera, libre y limpia, sin perfume, arena para múltiples gatos, caja de 12 libras",79920.0,0,1000,4.6,Gatos,Amazon
"spray disuasorio 100% natural para gatos, evita el marcado y los arañazos de orina, ecológico, seguro para niños, mascotas y muebles, uso en interiores y exteriores, ayuda para entrenamiento de",91960.0,0,0,5.0,Gatos,Amazon
"correa retráctil para perro 2025 de 16,4 pies – correa retráctil resistente para mascotas con agarre suave antideslizante – correas reflectantes para perros con protección anti torsión para perros",72600.0,0,1000,4.6,Perros,Amazon
"olanly tapete para puerta con patas de perro fangosas, 30 x 20 pulgadas, tapete de felpilla ultra absorbente con diseño de huellas de patas, tapete antideslizante y lavable para entrada en interiores",39960.0,0,1000,4.7,Perros,Amazon
"gorilla grip tapete de silicona 100 % impermeable con borde elevado sin bpa, para alimentación de mascotas, para perros y gatos, contiene derrames, protege el suelo, manteles individuales para gatos y",35960.0,0,1000,4.6,Gatos,Amazon
"paquete de 2 recogedores de excrementos de 33 pulgadas, mango alto xl sin contacto para perros grandes y pequeños, resorte duradero y ligero, recogedor grande para excrementos de perros, resistente",103960.0,0,1000,4.6,Perros,Amazon
"tiniest - collar de choque para perro, collar de entrenamiento de perro más ligero con control remoto para perros pequeños de 5 a 15 libras y perros medianos/cachorros, impermeable, recargable, rango",127960.0,0,1000,4.4,Perros,Amazon
"jugbow collar de choque para perro, collar de entrenamiento para perros de 4200 pies con control remoto para perros grandes, medianos y pequeños, recargable e impermeable ipx8 con pitido (1-3)",143960.0,0,1000,4.2,Perros,Amazon
"comedero automático para gatos con alimentación lenta para 2 gatos: alimentador automático wifi 5g con almacenamiento grande de alimentos de 7 l, dispensador de comida para gatos con alexa",227960.0,0,1000,4.4,Gatos,Amazon
"jugbow collar de choque para perro, collar de entrenamiento para perros de 4200 pies con control remoto para perros pequeños, medianos y grandes, collar e impermeable ipx8 con 4 modos de entrenamiento",179960.0,0,1000,4.2,Perros,Amazon
"collar calmante para gatos: soporte de comportamiento con infusión de feromonas, efecto de 30 días de larga duración, ajustable e impermeable, paquete de 4 (x morado)",79880.0,0,1000,3.9,Gatos,Amazon
"caja de arena automática para gatos, control por aplicación y monitoreo de peso, ultra silenciosa de 86 litros, monitor de salud inteligente, seguro antipellizcos, caja de arena autolimpiante",719960.0,0,1000,4.2,Gatos,Amazon
"fuente de agua inalámbrica para gatos, dispensador automático de agua para mascotas, 4000 mah, funciona con pilas, 3.2l/108 onzas, fuentes de agua de gran capacidad para gatos y perros",119960.0,0,900,4.3,Gatos,Amazon
"disuasorio para gatos al aire libre, aceite de menta natural para gatos en interiores y exteriores, mantiene a los gatos fuera del césped, patio, jardín, mantillo y flores permanentemente",63960.0,0,1000,3.0,Gatos,Amazon
"removedor de verrugas para perros: eliminación de etiquetas cutáneas para perros de 0.7 fl oz, tratamiento natural de eliminación de verrugas de perro, elimina rápidamente las verrugas de",63960.0,0,1000,4.8,Perros,Amazon
"collar calmante para perros, paquete de 4 collares calmantes de feromonas para perros, alivio de la ansiedad, la separación del estrés dura 60 días, alivia el mal comportamiento, tamaño de 25 pulgadas",79960.0,0,1000,4.4,Perros,Amazon
"aerosol de entrenamiento para perros, espray de entrenamiento para cachorros, corrige el mal comportamiento de defecación del perro y te ayuda a entrenar a tu perro para que vaya al baño en el lugar",63960.0,0,1000,4.2,Perros,Amazon
"arm & hammer aditivo de agua dental para perros, control de sarro | cuidado dental para perros reduce la placa y la acumulación de sarro sin cepillarse | inodoro y sin sabor, 16 onzas líquidas -",60600.0,0,1000,4.3,Perros,Amazon
"purina tidy cats - fórmula de control de olores para arena para gatos con bajo polvo, múltiples gatos, ligera glade clear springs, caja de 12 libras",79920.0,0,900,4.5,Gatos,Amazon
"kyouki bird toys - caja de forraje natural para pájaros, cacatúas, conures, pájaros del amor y otros pájaros pequeños a medianos (mediano)",39960.0,0,1000,4.6,Aves,Amazon
"decflow cuenco de agua para perros de acero inoxidable de 10 l, sin derrames, antisalpicaduras con alfombrilla de silicona xxl, alimentador lento a prueba de derrames para bebedores desordenados",199960.0,0,1000,4.4,Perros,Amazon
"collar de algodón para gatos, paquete de 2 collares de gatos con campanas, para niñas y niños, gatitos, dinosaurio",31880.0,0,800,4.8,Gatos,Amazon
"ohtomber cuenco de agua grande de acero inoxidable para perros de 1.25 galones, cuenco de metal para agua y comida para perros sin derrames, plato de alimentación al aire libre para gatos, mascotas",55960.0,0,1000,4.7,Gatos,Amazon
"juguetes interactivos para perros para masticadores agresivos, juguete indestructible para perros de razas grandes/medianas, soporte para golosinas congeladas para mantenerlos ocupados y",44160.0,0,900,4.6,Perros,Amazon
"collar de choque para perros con control remoto, collar de entrenamiento para perros grandes y medianos de 40 a 120 libras, impermeable, collar de choque para perros con bloqueo de seguridad por",99960.0,0,2000,3.7,Perros,Amazon
"polvo dental para perros, productos de limpieza de dientes de perro, polvo de limpieza de dientes de perro con probióticos para perros, placa de tratamiento para el mal aliento y sarro para limpieza",43160.0,0,900,4.6,Perros,Amazon
"funda de asiento de automóvil para perro, extensor de asiento trasero duro para perros, soporta 400 libras, 600d resistente a los arañazos, impermeable, hamaca para perro, para automóvil, suv",143960.0,0,1000,4.5,Perros,Amazon
"peine para gatos, peine para perros, herramienta de eliminación de pelo de mascotas, peine de pulgas para gatos y piojos de perro, cepillo para gatos con botón de liberación autolimpiante con dientes",35960.0,0,1000,4.2,Gatos,Amazon
"iris usa - paquete de 2 cajas de arena grandes para gatos con escudo de dispersión y cuchara, bandeja de arena para gatos con parte superior abierta de alta cara, color negro",119960.0,0,1000,4.4,Gatos,Amazon
"sharlovy juguetes para perros sin relleno, chirriantes, masticables de larga duración para perros agresivos y duraderos juguetes masticables para dentición, con 6 capas resistentes para razas pequeñas",95960.0,0,2000,4.2,Perros,Amazon
"2 pinzas de alimentación de reptiles de acero inoxidable con punta de goma, pinzas largas rectas y curvadas de 10.6 pulgadas para acuario o manualidades, accesorios de recinto de serpientes de",22360.0,0,1000,4.4,Reptiles y Anfibios,Amazon
"juego de recogedor de excrementos de perro, rastrillo de acero inoxidable resistente con bandeja extra grande y pala sin doblez, limpieza para eliminar desechos de mascotas, para hierba,",99960.0,0,1000,4.5,Perros,Amazon
"veken filtros de fuente de agua para gatos, paquete de 12 filtros de repuesto y 12 esponjas de repuesto para dispensador automático de agua para perros de 67 onzas, 95 onzas, 135 onzas",87960.0,0,1000,4.7,Gatos,Amazon
"tapete de arena para gatos, tapete de arena pequeña de 23.2 x 14.6 pulgadas con doble capa, a prueba de orina y antideslizante, fácil de limpiar, tapete de arena para gatos para piso, control",31960.0,0,1000,4.4,Gatos,Amazon
"qeils almohadillas lavables para orina para perros, paquete de 2 almohadillas reutilizables súper absorbentes para cachorros con lana larga verde para entrenamiento de orinal, suelo, sofá, cama y",59960.0,0,1000,4.2,Perros,Amazon
"collar de choque para perros ultra pequeño, ultraligero y delgado, con control remoto de 1300 pies, diseñado para perros pequeños de 5 a 15 libras y perros medianos, control preciso de 198 niveles,",139960.0,0,2000,4.3,Perros,Amazon
"dispositivos disuasorios de ladridos de perro, dispositivo antiladridos para perros, silenciador de ladridos, silbato de perro de hasta 50 pies, herramienta de entrenamiento de perros para el",79960.0,0,1000,4.1,Perros,Amazon
"fuente de agua inalámbrica para gatos: fuente para gatos con pilas, dispensador automático de agua para mascotas de 108 oz/3.2 l, fuentes de agua recargables para gatos en interiores con sensor de",119960.0,0,1000,4.6,Gatos,Amazon
dispositivo disuasorio de ladridos de perro 2025 – dispositivos de control de ladridos para perros que detienen el mal comportamiento – silbato ultrasónico recargable para mascotas para dejar de,119960.0,0,0,4.9,Perros,Amazon
"potaroma juguetes de bola de hierba gatera para gatos, 3 piezas con campana, juguetes retráctiles interactivos para gatos, juguetes retráctiles, juego de gatitos, persecución, ejercicio, estimulación",39920.0,0,1000,4.4,Gatos,Amazon
"collar antiladridos para perro, paquete de 2, collar antiladridos para perros grandes, medianos y pequeños, collar inteligente recargable, collar de entrenamiento antiladridos con sensibilidad",159960.0,0,1000,4.8,Perros,Amazon
"petlibro fuente de agua para gatos, fuente de agua inalámbrica para mascotas, funciona con pilas, fuente de agua dockstream de 2.5l/84 onzas para gatos en interiores, fuente para gatos con bandeja de",279960.0,0,1000,4.3,Gatos,Amazon
"hyha - cobija o funda de sofá impermeable para cama o mueble para perro o mascota, suave, impermeable, reversible y lavable, 30 x 70 pulgadas, gris/gris oscuro",36360.0,0,2000,4.3,Perros,Amazon
"toallitas limpiadoras de oídos para perros, tratamiento de infecciones de oído para perros, alivio rápido de la picazón y la inflamación del oído, las toallitas para orejas de gato eliminan",71960.0,0,1000,4.6,Perros,Amazon
"petlibro comedero automático para gatos con cuenco de acero inoxidable, refrigerado para gatos con refrigeración semiconductora, 3 comidas frescas durante 3 días, dispensador de alimentos para",599960.0,0,1000,4.4,Gatos,Amazon
"juguetes masticables para perros para masticadores agresivos: juguetes chirriantes para perros grandes, juguetes interactivos resistentes para todas las razas, vientre de goma, juguetes",39960.0,0,1000,4.1,Perros,Amazon
"corralito para perros de 42 x 42 pulgadas, corralito para cachorros con puerta para cachorros, gatos, perros pequeños y medianos, corralito para mascotas con techo para exteriores e interiores",159960.0,0,1000,3.9,Gatos,Amazon
"cono suave para perros después de la cirugía, collar de recuperación transpirable para perros grandes y medianos, collar ajustable con cono de perro, collar isabelino (l, negro)",75200.0,0,1000,4.5,Perros,Amazon
"paquete de 2 tablas rascadoras para gatos, cartón de 25.6 pulgadas de alto, en forma de l, rascador vertical para gatos de interior, poste rascador para gatos para pared y sofá, tamaño grande",137680.0,0,1000,4.5,Gatos,Amazon
"caja de arena para gatos de acero inoxidable con tapa, caja de arena grande xl para gatos grandes, bandeja de arena cerrada para gatos con lados altos, antifugas y antiadherente, fácil de",199960.0,0,1000,4.7,Gatos,Amazon
"hicc pet toallitas de limpieza de dientes para perros y gatos, elimina el mal aliento eliminando la placa y la acumulación de sarro, cepillo de dientes de dedo de perro, cepillo de dientes desechable",54360.0,0,1000,4.3,Gatos,Amazon
"cono suave para perros después de la cirugía, collar de recuperación transpirable para perros grandes y medianos, collar ajustable con cono de perro, collar isabelino (l, negro)",75200.0,0,1000,4.5,Perros,Amazon
"paquete de 2 tablas rascadoras para gatos, cartón de 25.6 pulgadas de alto, en forma de l, rascador vertical para gatos de interior, poste rascador para gatos para pared y sofá, tamaño grande",137680.0,0,1000,4.5,Gatos,Amazon
"caja de arena para gatos de acero inoxidable con tapa, caja de arena grande xl para gatos grandes, bandeja de arena cerrada para gatos con lados altos, antifugas y antiadherente, fácil de",199960.0,0,1000,4.7,Gatos,Amazon
"hicc pet toallitas de limpieza de dientes para perros y gatos, elimina el mal aliento eliminando la placa y la acumulación de sarro, cepillo de dientes de dedo de perro, cepillo de dientes desechable",54360.0,0,1000,4.3,Gatos,Amazon
"saffory - cortadora eléctrica de patas con luz led, impermeable, recargable, de bajo ruido, afeitadora de pelo de mascotas para perros y gatos",87880.0,0,1000,4.4,Gatos,Amazon
"caja de arena portátil de viaje para gatos con tapa con cremallera, caja de arena plegable de viaje, sin fugas, sin olor, impermeable, fácil de transportar, fácil de usar en hoteles, automóviles",59960.0,0,1000,4.5,Gatos,Amazon
"cuchara de arena para gatos de acero inoxidable, cuchara de arena de metal para gatos, pala de metal para gatitos, pala de malla resistente, pala para gatos adecuada para caja de arena para",24760.0,0,1000,4.6,Gatos,Amazon
"collar calmante para perros, paquete de 4 unidades, collar de feromona, alivia la ansiedad y la separación del estrés, dura 60 días, 25 pulgadas flexible ajustable, gris, para perros",71960.0,0,1000,4.6,Perros,Amazon
"molinillo de uñas para perros profesionales, 3 velocidades, eléctrico, silencioso, recortador de uñas recargable para perro, con 2 luces led / 2 ruedas molinillo de uñas, para pequeño",34240.0,0,1000,4.5,Perros,Amazon
"collar natural para pulgas y garrapatas para perros, paquete de 4, 8 meses de protección de larga duración, impermeable, tamaño ajustable para perros pequeños, medianos y grandes",143960.0,0,1000,4.6,Perros,Amazon
"pelota interactiva de juguetes para gatos de interior, [2025 recientemente actualizada] bola de gato ágil en movimiento con cola de malla elástica, juguetes automáticos para gatos adultos",83960.0,0,1000,4.5,Gatos,Amazon
"pooph® almohadillas para orinastm️ para cachorros a personas mayores, enfermas o mascotas domésticas. absorbe hasta 59 onzas, elimina el olor orgánico en contacto, a prueba de fugas, a prueba de fugas,",119960.0,0,1000,4.2,Perros,Amazon
"oneisall recortadora de patas de perro de bajo ruido con luz led, recortadora de patas para perros, hoja ancha de 0.8 pulgadas/0.787 in, 35 db, cortadora eléctrica inalámbrica de patas de mascotas",71960.0,0,1000,4.4,Perros,Amazon
"comedero automático para gatos con cámara inteligente: vista en vivo hd de 1080p con visión nocturna, alimentador automático 5g para perros con audio bidireccional, desmontable para una",239960.0,0,1000,4.4,Gatos,Amazon
"kit de aseo para perros de 3 piezas, cepillo para despellizar, cepillo de baño y peine para suministros para mascotas (azul negro)",39920.0,0,1000,4.6,Perros,Amazon
juguete de tablero rascador de órgano mágico de acordeón para gatos – kitty kurlz ball scratch pad scratcher 1 pack,37960.0,0,1000,3.2,Gatos,Amazon
"ingenuity doorway - puerta para perros y bebés serie 42w, para interiores y exteriores, no se oxida ni se decolora, se adapta a aberturas de 23-42 pulgadas, 24 pulgadas de alto",79960.0,0,1000,3.8,Perros,Amazon
juguetes chirriantes para perros masticadores agresivos – juguetes para perros grandes – juguetes masticables para perros para cachorros – juguetes para perros para mantenerlos ocupados –,63960.0,0,1000,4.1,Perros,Amazon
fuente de agua para gatos en interior: fuentes para gatos de 80 oz/2.4 l para beber - cuencos silenciosos para regar mascotas para gatos en el interior - suministros de agua para gatitos negros - para,67960.0,0,1000,4.4,Gatos,Amazon
"tapete grande de 34 x 22 pulgadas para caja de arena para gatos, almohadilla de silicona impermeable para el suelo, gris oscuro",91960.0,0,1000,4.5,Gatos,Amazon
"difusor de feromonas calmantes para perros 6 en 1, kit de difusor de feromonas apaciguador para calmar (2 enchufes+4 paquetes de 1.6 fl oz de repuesto) para aliviar la ansiedad, reducir la agresión",155960.0,0,1000,4.5,Perros,Amazon
fuente de agua para perros grandes: 7l/236oz/1.8g fuente para perros de acero inoxidable - fuente de agua para gatos grandes para interiores - fuente de agua súper silenciosa para perros en el,147960.0,0,1000,4.6,Gatos,Amazon
"bozal para perros grandes – bozal de malla de aire para perros de gran tamaño | bozales ajustables para perros sin ladridos para barrer, lamer y masticar | evita morder",28760.0,0,1000,3.9,Perros,Amazon
"collar de choque de perro 2 en 1 y collar de ladrido de perro, collar de entrenamiento de perro de 4200 pies con control remoto, 3 modos de entrenamiento y luz para paseos nocturnos, ip67 impermeable",189960.0,0,0,4.8,Correas para Mascotas,Amazon
Kit Incubadora+termostato 110v+ Ventilador12v+ Adapt +higróm,84900.0,0,1300,4.4,Aves,Mercado Libre
Mekkapro Comedero Para Colibríes Para Exteriores Hecho De . Color Rojo,73000.0,0,560,4.9,Aves,Mercado Libre
Bebedero Pollos Pajaros Gallinas Roro Bebedero Automatico Aves 24pcs,96700.0,0,350,4.0,Aves,Mercado Libre
Termostato Stc-3028 110-220v Para Incubación,65300.0,0,252,5.0,Aves,Mercado Libre
Arroba De Mixtura Para Aves - Unidad a $5825,69900.0,0,252,4.7,Aves,Mercado Libre
Semilla De Girasol 5kg - G - g a $10,53946.0,0,168,5.0,Aves,Mercado Libre
"Herramientas Incubadora Automática De Huevos, 16 Huevos",281251.0,0,100,,Aves,Mercado Libre
Bebedero Automático Taza Con Conector T En Pvc Diámetro 1/2,61000.0,0,162,4.4,Aves,Mercado Libre
Bebedero Automático Copa Con Conector T En Pvc Diámetro 1/2,65000.0,0,126,4.5,Aves,Mercado Libre
Vitagrano Mixtura X 300 G - G - g a $22,6500.0,0,101,5.0,Aves,Mercado Libre
Bebedero Universal Para Aves Agrofacil,48900.0,0,92,5.0,Aves,Mercado Libre
Alpiste Sudespet X 5 Und - G - g a $9,20600.0,0,86,5.0,Aves,Mercado Libre
Para Shaoke Incubadora 7 Huevos Incubadora Ecologica Premium,113340.0,0,78,4.5,Aves,Mercado Libre
Pinza De Dientes De Cerdo Cortadora De Dientes De Lechones D,38241.0,0,50,,Aves,Mercado Libre
Comedero Gallina Ponedora Agrofacil,42900.0,0,47,,Aves,Mercado Libre
Encubadora Incubadora 16 Huevos Automaticas Ovoscopio De,334521.0,0,44,,Aves,Mercado Libre
Kaytee Forti-diet Pro Health Grano De Alto Calcio Para Pjaro,109887.0,0,41,,Aves,Mercado Libre
"Kaytee Forti - Golosina De Loro, 5 Libras",192302.0,0,39,,Aves,Mercado Libre
"Equipos De Incubación Incubadora De Codornices Palomas,",112416.0,0,37,,Aves,Mercado Libre
Sal Del Himalaya En Bloque X 2.5kg Aproximadamente,35000.0,0,1660,4.8,Caballos,Mercado Libre
Absorbine Veterinary Liniment Analgesico Topico Dolor Muscul,126900.0,0,510,5.0,Caballos,Mercado Libre
Red Cell Suplemento Nutricional Equinos X 4lt,270500.0,0,360,5.0,Caballos,Mercado Libre
Red Cell 946 Ml Para Caballos,130000.0,0,265,5.0,Caballos,Mercado Libre
"Prueba De Preñez Para Ganado Lyumo, 10 Piezas",60196.0,0,140,,Caballos,Mercado Libre
Generic Trasquiladora Borrego Esquiladora Borregos Maquina,399713.0,0,117,,Caballos,Mercado Libre
Recortadora De Patas Para Mascotas Con Luz Led Para Perros Y,24934.0,0,100,,Caballos,Mercado Libre
Tubo De Inseminación Bovina De Acero A Presión Tipo Resorte,29930.0,0,126,5.0,Caballos,Mercado Libre
"Oferta De Suplementos: Suplemento Lions Mane Mushroom, 7500",184702.0,0,78,,Caballos,Mercado Libre
Gomitas Prenatales Garden Of Life Con 90 Gomitas De Hierro,184702.0,0,70,,Caballos,Mercado Libre
Jaula Para Conejos Cuy Y A Color Celeste,110000.0,0,700,,Conejos,Mercado Libre
Pelota Interactiva Perro Gato Juguete Recargable Inteligente Color,28900.0,0,350,,Conejos,Mercado Libre
"Pelota Giratoria Inteligente De Silicona Para Mascotas Y Gatos, Usb C, Color Azul",26399.0,0,233,,Conejos,Mercado Libre
Jaula Para Conejos - Espacio Extra Grande Y Facil De Limpiar,1554895.0,0,175,,Conejos,Mercado Libre
"Cage Para Cobayas Midwest, 47l X 24w X 14h, Habitat Plus",768900.0,0,140,,Conejos,Mercado Libre
"Correa Larga De 10 Mt Para Mascota, Seguridad,perros Y Gatos",22900.0,0,1430,4.4,Correas para Mascotas,Mercado Libre
Correa Manos Libres Con Canguro Para Correr Perro Mascota,95000.0,0,750,4.9,Correas para Mascotas,Mercado Libre
Correa Larga Lazo Perro Reflectiva 1.6m Agarre Acolchado,24000.0,0,413,5.0,Correas para Mascotas,Mercado Libre
Correa Para Perros Gruesa Trailla Lazo Reflectivo Mango Goma,37000.0,0,615,4.7,Correas para Mascotas,Mercado Libre
Correa Para Perros Resistente Con Refelctivos 150 Cm,24000.0,0,204,4.5,Correas para Mascotas,Mercado Libre
"Correa Retractil Para Perros Y Mascotas, Mediana 5mts",19900.0,0,193,4.8,Correas para Mascotas,Mercado Libre
"Guía Retráctil De 5 M Para Perros Y Cachorros De Tamaño Pequeño Y Mediano, Color Azul",25200.0,0,167,4.1,Correas para Mascotas,Mercado Libre
"Correa Para Perro 5 Metros, Correa De Mascotas Larga, Straps",15900.0,0,211,4.3,Correas para Mascotas,Mercado Libre
Correa Retractil P/ Perros Kong Large Terrain 5mt 50kg Paseo Color Negro/gris,169000.0,0,117,5.0,Correas para Mascotas,Mercado Libre
"Jopoy Correa Para Perro Manos Libres De 9.8 Pies, Correa Cru",65932.0,0,70,,Correas para Mascotas,Mercado Libre
Correa Manos Libres Con Canguro Para Correr Perro Mascota,89000.0,0,64,,Correas para Mascotas,Mercado Libre
5m Mascota Correa Correa Retractil Perro Correa Para Gato,35900.0,0,92,2.8,Correas para Mascotas,Mercado Libre
"Joytale Larga Correa De Entrenamiento Del Perro, 15 Ft...",109394.0,0,54,,Correas para Mascotas,Mercado Libre
Gancho Con Correa Larga Paseador Para Perros Medianos,14900.0,0,78,4.1,Correas para Mascotas,Mercado Libre
Correa Retráctil Mascotas Perros Lazo Collar Halti Arnes,23200.0,0,70,4.8,Correas para Mascotas,Mercado Libre
"Correa Para Perros S-etovus, Cadena De Metal A Prueba De Mas",163713.0,0,44,,Correas para Mascotas,Mercado Libre
"Correa De Perro Con Manos Libres, Correa De Cintura Ajust...",130131.0,0,41,,Correas para Mascotas,Mercado Libre
"Correa De Perro De Cuero De 6 Pies, Correa De Perro De Al...",148391.0,0,39,,Correas para Mascotas,Mercado Libre
"Correa De Perro Manos Libres Con Cinturón Ajustable, Portá.",31105.0,0,37,,Correas para Mascotas,Mercado Libre
Correa Paseadora De Perros Para Correr Trotar Manos Libres,29900.0,0,54,4.6,Correas para Mascotas,Mercado Libre
Maíz Cat X20kg - Arena Ecológica Para Gatos - Inhibe Olores,101462.0,0,24200,4.8,Gatos,Mercado Libre
Alimento Br For Cat Castrados Para Gato Adulto Sabor Mix De 3 Kg,76400.0,0,8930,4.9,Gatos,Mercado Libre
Fuente De Agua Para Mascotas Gatos Silencioso Automatico Color Transparente Oscuro,60001.0,0,3433,4.6,Gatos,Mercado Libre
Arena Calabaza Pet Aroma A Café 25 Kilos,80000.0,0,962,4.7,Gatos,Mercado Libre
Alimento Taste Of The Wild Rocky Mountain Feline Para Gato Sabor Venado Asado Y Salmón Ahumado De 6.3 Kg,226000.0,0,2658,4.9,Gatos,Mercado Libre
Alimento Chunky Para Perro Adulto Todos Los Tamaños Sabor Pollo De 25 Kg,199000.0,0,1275,4.9,Gatos,Mercado Libre
Alimento Hill's Prescription Diet Urinary Care C/d Para Gato Adulto Sabor Pollo En Bolsa De 1.8kg,148000.0,0,1501,4.9,Gatos,Mercado Libre
Alimento Excellent Urinary Para Gato Adulto 3 Kg,66920.0,0,665,4.9,Gatos,Mercado Libre
Alimento Hill's Prescription Diet Kidney Care Feline K/d Para Gato Adulto Sabor Pollo De 1.814 Kg,148900.0,0,921,4.9,Gatos,Mercado Libre
Monello Premium Especial Alimento Sabor Salmon Y Pollo 7kg,132260.0,0,1359,4.9,Gatos,Mercado Libre
Msd Bravecto Proteção Pulgas Carrapatos Comprimido Mastigável Perro - Marrón Claro - 1 - 20 Kg - 40 Kg - 1 - Unidad - 1,90526.0,0,680,4.8,Gatos,Mercado Libre
Pro Plan Cat Urinary 1kg,93500.0,0,582,4.9,Gatos,Mercado Libre
Agility Gold Gatos 7kg,159806.0,0,661,4.8,Gatos,Mercado Libre
Agility Gold Grandes Adultos 15 Kg,277700.0,0,259,4.9,Gatos,Mercado Libre
Fuente De Agua Para Gatos Perros Bebedero Para Mascotas Color Blanco,37808.0,0,425,4.6,Gatos,Mercado Libre
Alimento Diamond Naturals Indoor Cat Para Gato Adulto De Raza Todas Las Razas Sabor Pollo Y Arroz De 8.16 Kg,293374.0,0,441,4.9,Gatos,Mercado Libre
Alimento Monello Premium Especial Tradicional Para Perros Adulto Sabor Mix De 25 Kg,283900.0,0,513,4.9,Gatos,Mercado Libre
Alimento Excellent Adult Para Gato Adulto Sabor Pollo/carne/arroz De 7.5 Kg,125407.0,0,368,4.9,Gatos,Mercado Libre
Max Adulto Raza Pequeña 8kg - kg a $14559,145573.0,0,261,4.9,Gatos,Mercado Libre
Alimento Taste Of The Wild Pacific Stream Canine Para Perro Adulto Todos Los Tamaños Sabor Salmón De 12.701 Kg,362000.0,0,284,4.9,Gatos,Mercado Libre
Trampa De Jaula Viva Plegable Y Humana Animales Vivos,270900.0,0,700,,Jaulas para Mascotas,Mercado Libre
"Perchero Para Pájaros De Madera Natural, 4 Unidades, Para Co",68130.0,0,350,,Jaulas para Mascotas,Mercado Libre
Jaula Para Pájaros Portátil Jaula Para Loros Jaulas De Pájar,71362.0,0,233,,Jaulas para Mascotas,Mercado Libre
Jaula Grande Para Hámster Jaula Para Chinchilla Estuche De V,41977.0,0,175,,Jaulas para Mascotas,Mercado Libre
"Bolsa Para Mascotas Tedoora, Material Eva, Tamaño Grande",47477.0,0,140,,Jaulas para Mascotas,Mercado Libre
", Jaula Para Hámster, Hábitat Para Hámster, Jaula Naranja",107631.0,0,117,,Jaulas para Mascotas,Mercado Libre
"Tetra Tetracolor Granulos Tropicales X 375gr Alimento Balanceado Para Peces Acuario, Discos Y Ciclidos. Colores Vibrantes Con Antioxidantes Y Prebióticos. Agua Limpia, Proteína Pescado Y Camarón 47.5%",67000.0,0,7800,4.9,Peces,Mercado Libre
Mini Bomba Agua Para Pequeña Fuente Proyecto Bebedero Gato 110v,34900.0,0,985,4.4,Peces,Mercado Libre
Cabeza De Poder (filtro Para Acuario) Sumergible 1.200 L/h,78124.0,0,463,5.0,Peces,Mercado Libre
Limpiador Aspiradora Sustrato Sifón Acuario Pecera 210 Cms 0v,23124.0,0,508,4.8,Peces,Mercado Libre
Prime Stability Seachem Combo,77874.0,0,290,5.0,Peces,Mercado Libre
Calentador Automático 25 Watios Acuario Pequeño 110v - 120v,17200.0,0,235,4.6,Peces,Mercado Libre
Comida Tetra Color Pez 375gr X2 - G - g a $75,154999.0,0,256,4.9,Peces,Mercado Libre
Filtro Acuario Cabeza De Poder Ipf-260 Blanco 400 L/h Jeneca,13900.0,0,134,4.6,Peces,Mercado Libre
Motor De Una Salida Acuario Bomba Aire Oxigenador Pecera Jeneca Ap-1688,12900.0,0,131,4.6,Peces,Mercado Libre
Alimento En Palos Tetra Pond Koi Vibrance Para Peces De Lagos Estanques Y Fuentes Como Carpas Koi Y Goldfish En Bolsa De 1.43lb,136900.0,0,131,4.8,Peces,Mercado Libre
Prime Seachem Anticloro Acondicionador Agua Acuario 100ml,27475.0,0,136,4.9,Peces,Mercado Libre
Omega One Betta Buffet Pellets Floating 28g Alimento Para Peces,18624.0,0,128,4.9,Peces,Mercado Libre
Resun Hf-2002 Filtro Externo De Cascada 570 Litros/hora Filtracion Biologica Y Mecánica Acuarios De 40 A 230 Litros 6w,77695.0,0,159,4.7,Peces,Mercado Libre
Tetra Jungle Tropical Flakes 500g Alimento Balanceado En Hojuelas Para Peces Activos A Base De Harina De Pescado Colores Vibrantes Con Suplementos Y Proteina 46%,60874.0,0,106,4.9,Peces,Mercado Libre
Carbon Activado Granulado Activo Filtro Acuario Pecera 1 Kg,19883.0,0,81,4.4,Peces,Mercado Libre
Tetra Rubin Granules 100g Alimento Completo Para Peces Tropicales En Granulos Pequeños De Lento Hundimiento Con Vitaminas Y Potenciadores De Color Formula Bioactive Sistema Inmune Con 47% Proteina,42900.0,0,78,4.7,Peces,Mercado Libre
Tubifex Worms 24g Alimento Peces Acuario,23190.0,0,98,4.8,Peces,Mercado Libre
Mini Bomba Acuario 220l/h Bebedero Gato Perro Pf-228 Jeneca,43800.0,0,86,4.5,Peces,Mercado Libre
"Medio Biológico Seachem Matrix, 500 Ml, A Granel",38989.0,0,86,4.9,Peces,Mercado Libre
Bomba De Agua Para Filtro / Sump (1200 L/hr - 1.2 Mts),59900.0,0,64,4.6,Peces,Mercado Libre
Alimento Br For Cat Castrados Para Gato Adulto Sabor Mix De 1 Kg,25200.0,0,17860,4.9,Perros,Mercado Libre
Alimento Taste Of The Wild Rocky Mountain Feline Para Gato Sabor Venado Asado Y Salmón Ahumado De 2.2 Kg,91112.0,0,6645,4.9,Perros,Mercado Libre
Alimento Chunky Para Perro Adulto Todos Los Tamaños Sabor Pollo De 9 Kg,76200.0,0,2550,4.9,Perros,Mercado Libre
Alimento Hill's Prescription Diet Urinary Care C/d Para Gato Adulto Sabor Pollo En Bolsa De 1.8kg,148000.0,0,2628,4.9,Perros,Mercado Libre
Max Cat Alimento Professional Line Para Gato Adulto Sabor Pollo Y Arroz En Bolsa De 10kg,183500.0,0,1660,4.9,Perros,Mercado Libre
Alimento Excellent Urinary Para Gatos Para Gato Adulto Todos Los Tamaños Sabor Pollo Y Arroz De 1 Kg,33330.0,0,887,4.9,Perros,Mercado Libre
Alimento Hill's Prescription Diet Kid - kg a $52725,154000.0,0,1184,4.9,Perros,Mercado Libre
Monello Premium Especial Alimento Sabor Salmon Y Pollo 7kg,132260.0,0,1699,4.9,Perros,Mercado Libre
Pro Plan Cat Urinary 3kg Nal,156900.0,0,776,4.9,Perros,Mercado Libre
Agility Gold Gatos 7kg,159806.0,0,859,4.8,Perros,Mercado Libre
Alimento Nutra-nuggets Global Maintenance Para Perro Adulto Todos Los Tamaños Sabor Pollo De 7.5 Kg,122236.0,0,541,4.9,Perros,Mercado Libre
Alimento Diamond Naturals Adult Dog Para Perro Adulto Todos Los Tamaños Sabor Cordero Y Arroz De 18.14 Kg,299000.0,0,576,4.8,Perros,Mercado Libre
Agility Gold Grandes Adultos 3 Kg,62182.0,0,278,4.9,Perros,Mercado Libre
Alimento Diamond Naturals Indoor Cat Para Gato Adulto De Raza Todas Las Razas Sabor Pollo Y Arroz De 8.16 Kg,293374.0,0,504,4.9,Perros,Mercado Libre
Alimento Monello Premium Especial Tradicional Para Perro Adulto Sabor Mix De 15 Kg,211765.0,0,581,4.9,Perros,Mercado Libre
Alimento Excellent Adult Para Gato Adulto Sabor Pollo/carne/arroz De 7.5 Kg,125407.0,0,414,4.9,Perros,Mercado Libre
Max Adulto Raza Pequeña 8kg - kg a $14559,145573.0,0,291,4.9,Perros,Mercado Libre
Agility Gold Piel Pequeños Adultos 8kg,162369.0,0,301,4.9,Perros,Mercado Libre
Alimento Taste Of The Wild Canyon River Feline Para Gato Adulto Sabor Trucha Y Salmón Ahumado De 156 G,13600.0,0,318,4.9,Perros,Mercado Libre
Agilit Grandes Adultos Piel 8kg,160370.0,0,180,4.9,Perros,Mercado Libre
Lampara De Calor Para Reptil Luz Uva Uvb,78887.0,0,1180,4.7,Reptiles y Anfibios,Mercado Libre
Lámparas De Calor Para Tortuga Reptiles 2 Bombillas Uva+uvb,77155.0,0,350,,Reptiles y Anfibios,Mercado Libre
"Lámparas De Calefacción Cuarzo Infrarrojo Ave,cerdo,animal",16203.0,0,233,,Reptiles y Anfibios,Mercado Libre
Hs Lámpara Infrarroja Con Bombilla De Calor P/aves De Corral,16077.0,0,175,,Reptiles y Anfibios,Mercado Libre
Calentador De Lámpara De Calor Para Lechones,46175.0,0,140,,Reptiles y Anfibios,Mercado Libre
3 Bombillas Calefactoras Para Aves De Corral De 200 W Para M,37402.0,0,117,,Reptiles y Anfibios,Mercado Libre
Lámpara Infrarroja Impermeable Para Lechones,18638.0,0,100,,Reptiles y Anfibios,Mercado Libre
- Emisor De Calor Infrarrojo De Cerámica Reptil De 50 W For,28419.0,0,88,,Reptiles y Anfibios,Mercado Libre
Almohadilla Térmica Para Terrarios Con Forma De Reptil De 11,29300.0,0,78,,Reptiles y Anfibios,Mercado Libre
Lámpara De Calor De Cerámica Lámpara De Calentamiento De Rep,20527.0,0,70,,Reptiles y Anfibios,Mercado Libre
Lámpara De Calor Cerámica Infrarroja De 100w Para Rept,17966.0,0,92,4.0,Reptiles y Anfibios,Mercado Libre
Lámpara Infrarroja Con Bombilla De Calor Para Reptiles,16203.0,0,58,,Reptiles y Anfibios,Mercado Libre
Galletas Snack Conejos Br 100 G,6200.0,0,1210,5.0,Roedores,Mercado Libre
Vitagrano Comida Hamster Y Conejillos De Indias X 250 Gr,8300.0,0,560,4.9,Roedores,Mercado Libre
Shampoo Ketoclean 250ml,52500.0,0,400,4.8,Roedores,Mercado Libre
"Heno Pangola 2kg Para Conejos, Cobayos, Hamster",31900.0,0,625,4.8,Roedores,Mercado Libre
Concentrado Premium Conejo Cobayo 6kl,59999.0,0,226,4.7,Roedores,Mercado Libre
"Concentrado, Alfalfa, Heno, Galletas Conejos Cobayos Hamster",44220.0,0,462,4.9,Roedores,Mercado Libre
"Arena Sanitaria Hámster, Conejo, Cobayo- Kg A",7216.0,0,156,5.0,Roedores,Mercado Libre
Sustrato Para Conejo/cuyo Super Absorbente Natural 49.2 Lts,98000.0,0,134,4.7,Roedores,Mercado Libre
Shampoo Hydra Odor Neutralizing X 1000 Ml,113000.0,0,134,4.9,Roedores,Mercado Libre
Oxbow Animal Health Essentials Alimento Para Hurones 4,243990.0,0,70,,Roedores,Mercado Libre
Alfalfa En Cubos Para Conejos Cobas Y Otros Kaytee 425g,61500.0,0,64,,Roedores,Mercado Libre
Shampoo Canamor Arbol De Te Felino 230ml,22200.0,0,85,4.0,Roedores,Mercado Libre
Heno De Avena Oxbow Para Pequeñas Mascotas - 15 Oz,76990.0,0,54,,Roedores,Mercado Libre
Alimento Premium Para Conejo Kaytee Supreme (2.2 Kg),157990.0,0,73,5.0,Roedores,Mercado Libre
Alimento Seco Para Hurones Wysong Ferret Epigen 90 Digestive,291000.0,0,47,,Roedores,Mercado Libre
Para T13 Figura De Acción Impresa En 3d Con Múltiples /,18554.0,0,68,4.2,Roedores,Mercado Libre
Heno De Timothy Natural Para Conejillos De Indias Y Conejos,169990.0,0,41,,Roedores,Mercado Libre
W T13 Figura De Acción Impresa En 3d Con Múltiples Robot,15489.0,0,39,,Roedores,Mercado Libre
Bebederos Automáticos Para Roedores De 20 Piezas,24850.0,0,53,5.0,Roedores,Mercado Libre
Warmie- T13 Figura De Acción Impresa En 3d Con Múltiples,59230.0,0,35,,Roedores,Mercado Libre
