Categoría,Precio actual,Precio anterior,Descuento,Calificación,N° Calificaciones
Comederos y Bebederos,34.930,49.900,30% OFF,4.8,68
Comederos y Bebederos,69.223,89.900,23% OFF,4.9,15
Comederos y Bebederos,11.305,11.900,5% OFF,4.7,60
Comederos y Bebederos,34.930,49.900,30% OFF,4.8,68
Comederos y Bebederos,32.111,,,4.9,23
Comederos y Bebederos,11.305,11.900,5% OFF,4.2,6
Comederos y Bebederos,47.000,,,5.0,59
Comederos y Bebederos,71.155,74.900,5% OFF,4.8,266
Comederos y Bebederos,29.990,,,5.0,4
Comederos y Bebederos,69.223,89.900,23% OFF,4.9,15
Comederos y Bebederos,16.055,16.900,5% OFF,5.0,2
Comederos y Bebederos,92.593,,,4.0,1
Comederos y Bebederos,64.900,,,4.8,240
Comederos y Bebederos,19.900,,,4.8,26
Comederos y Bebederos,24.990,,,4.8,57
Comederos y Bebederos,13.500,15.000,10% OFF,4.4,54
Comederos y Bebederos,104.405,109.900,5% OFF,4.8,65
Comederos y Bebederos,19.900,,,4.6,16
Comederos y Bebederos,35.755,44.694,20% OFF,4.5,13
Comederos y Bebederos,8.990,,,4.8,22
Comederos y Bebederos,110.000,,,4.2,11
Comederos y Bebederos,35.990,,,5.0,1
Comederos y Bebederos,29.900,,,5.0,2
Comederos y Bebederos,89.900,,,4.8,110
Comederos y Bebederos,109.900,,,5.0,5
Comederos y Bebederos,86.850,96.500,10% OFF,3.9,15
Comederos y Bebederos,61.655,64.900,5% OFF,4.9,61
Comederos y Bebederos,10.050,,,4.4,5
Comederos y Bebederos,69.000,,,3.0,4
Comederos y Bebederos,24.900,,,4.6,11
Comederos y Bebederos,75.050,79.000,5% OFF,5.0,2
Comederos y Bebederos,24.900,,,4.4,19
Comederos y Bebederos,99.750,105.000,5% OFF,4.3,3
Comederos y Bebederos,24.900,,,4.4,19
Comederos y Bebederos,115.000,,,5.0,8
Comederos y Bebederos,80.655,84.900,5% OFF,4.8,53
Comederos y Bebederos,69.223,89.900,23% OFF,4.9,15
Comederos y Bebederos,89.900,,,5.0,3
Comederos y Bebederos,19.990,,,3.8,8
Comederos y Bebederos,61.115,71.900,15% OFF,5.0,3
Comederos y Bebederos,69.441,87.900,21% OFF,4.0,2
Comederos y Bebederos,31.920,39.900,20% OFF,4.8,4
Comederos y Bebederos,44.000,,,4.9,55
Comederos y Bebederos,59.900,,,4.5,2
Comederos y Bebederos,14.900,,,4.4,11
Comederos y Bebederos,86.300,,,4.7,14
Comederos y Bebederos,80.900,,,5.0,2
Comederos y Bebederos,46.783,,,4.5,2
Comederos y Bebederos,14.990,,,4.3,29
Comederos y Bebederos,15.000,,,5.0,2
Comederos y Bebederos,195.000,,,5.0,1
Comederos y Bebederos,68.000,,,5.0,2
Comederos y Bebederos,51.900,,,4.7,107
Comederos y Bebederos,71.155,74.900,5% OFF,5.0,37
Comederos y Bebederos,86.300,,,4.8,8
Comederos y Bebederos,55.900,,,5.0,2
Comederos y Bebederos,86.300,,,4.9,14
Comederos y Bebederos,45.600,48.000,5% OFF,4.7,24
Comederos y Bebederos,41.800,44.000,5% OFF,5.0,2
Comederos y Bebederos,69.223,89.900,23% OFF,3.0,3
Comederos y Bebederos,35.000,,,5.0,7
Comederos y Bebederos,69.900,77.900,10% OFF,4.8,6
Comederos y Bebederos,24.900,,,4.0,2
Comederos y Bebederos,8.000,,,4.3,9
Comederos y Bebederos,18.000,20.000,10% OFF,4.3,4
Comederos y Bebederos,16.990,,,3.3,11
Comederos y Bebederos,97.000,,,5.0,11
Comederos y Bebederos,90.000,,,5.0,1
Comederos y Bebederos,69.441,87.900,21% OFF,4.0,2
Comederos y Bebederos,39.900,42.000,5% OFF,4.0,2
Comederos y Bebederos,18.525,19.500,5% OFF,4.9,7
Comederos y Bebederos,39.900,,,2.3,3
Comederos y Bebederos,39.900,,,5.0,2
Comederos y Bebederos,99.750,105.000,5% OFF,4.3,3
Comederos y Bebederos,16.900,,,4.2,5
Comederos y Bebederos,16.920,18.800,10% OFF,4.5,27
Comederos y Bebederos,69.223,89.900,23% OFF,4.9,15
Comederos y Bebederos,69.441,87.900,21% OFF,4.0,2
Comederos y Bebederos,13.410,14.900,10% OFF,4.7,3
Comederos y Bebederos,39.900,42.000,5% OFF,4.0,2
Comederos y Bebederos,25.000,,,4.8,4
Comederos y Bebederos,69.000,,,3.8,11
Comederos y Bebederos,55.000,,,4.5,2
Comederos y Bebederos,50.000,,,4.7,12
Comederos y Bebederos,97.000,,,5.0,4
Comederos y Bebederos,29.900,,,4.7,6
Comederos y Bebederos,22.455,49.900,55% OFF,5.0,2
Comederos y Bebederos,71.900,,,5.0,1
Comederos y Bebederos,32.493,49.990,35% OFF,4.9,8
Comederos y Bebederos,29.700,,,3.8,4
Comederos y Bebederos,43.200,48.000,10% OFF,5.0,3
Comederos y Bebederos,34.990,,,5.0,1
Comederos y Bebederos,28.900,,,5.0,1
Comederos y Bebederos,8.000,,,4.4,7
Comederos y Bebederos,49.717,59.900,17% OFF,4.9,20
Comederos y Bebederos,36.233,,,3.6,11
Comederos y Bebederos,95.000,100.000,5% OFF,3.6,12
Comederos y Bebederos,15.500,,,5.0,1
Comederos y Bebederos,90.777,,,5.0,2
Comederos y Bebederos,42.655,44.900,5% OFF,4.8,23
Comederos y Bebederos,16.000,,,4.9,26
Comederos y Bebederos,99.750,105.000,5% OFF,4.3,3
Comederos y Bebederos,59.900,,,4.5,2
Comederos y Bebederos,69.441,87.900,21% OFF,4.0,2
Comederos y Bebederos,44.451,,,5.0,1
Comederos y Bebederos,59.900,,,4.5,2
Comederos y Bebederos,34.000,,,4.8,6
Comederos y Bebederos,59.900,,,4.7,44
Comederos y Bebederos,39.900,42.000,5% OFF,4.0,2
Comederos y Bebederos,20.000,,,5.0,1
Comederos y Bebederos,89.000,,,4.8,9
Comederos y Bebederos,12.963,14.900,13% OFF,5.0,1
Comederos y Bebederos,47.000,,,4.9,19
Comederos y Bebederos,42.999,,,4.0,1
Comederos y Bebederos,39.800,,,4.8,6
Comederos y Bebederos,7.000,,,5.0,3
Comederos y Bebederos,49.000,,,4.8,18
Comederos y Bebederos,23.900,,,5.0,3
Comederos y Bebederos,90.000,,,3.0,6
Comederos y Bebederos,34.900,,,4.7,12
Comederos y Bebederos,28.108,,,5.0,1
Comederos y Bebederos,8.990,,,4.0,2
Comederos y Bebederos,139.900,,,5.0,1
Comederos y Bebederos,21.500,,,4.9,22
Comederos y Bebederos,99.750,105.000,5% OFF,4.3,3
Comederos y Bebederos,69.441,87.900,21% OFF,4.0,2
Comederos y Bebederos,56.637,89.900,37% OFF,4.6,23
Comederos y Bebederos,59.900,,,4.5,2
Comederos y Bebederos,25.000,,,4.3,3
Comederos y Bebederos,8.500,,,5.0,2
Comederos y Bebederos,56.379,,,5.0,2
Comederos y Bebederos,99.750,105.000,5% OFF,4.3,3
Comederos y Bebederos,65.000,,,4.9,14
Comederos y Bebederos,129.000,,,3.8,5
Comederos y Bebederos,8.990,,,5.0,1
Comederos y Bebederos,69.000,,,2.3,3
Comederos y Bebederos,42.900,,,4.3,6
Comederos y Bebederos,34.200,38.000,10% OFF,4.7,3
Comederos y Bebederos,12.000,,,4.5,2
Comederos y Bebederos,42.567,,,5.0,1
Comederos y Bebederos,39.900,42.000,5% OFF,4.4,5
Comederos y Bebederos,155.800,164.000,5% OFF,4.7,32
Comederos y Bebederos,92.000,,,5.0,2
Comederos y Bebederos,24.900,,,5.0,2
Comederos y Bebederos,24.900,,,5.0,2
Comederos y Bebederos,24.900,,,5.0,2
Comederos y Bebederos,45.000,,,5.0,1
Comederos y Bebederos,99.750,105.000,5% OFF,4.3,3
Comederos y Bebederos,107.900,,,4.8,6
Comederos y Bebederos,59.900,,,4.5,2
Comederos y Bebederos,24.900,,,5.0,2
Comederos y Bebederos,34.911,,,5.0,1
Comederos y Bebederos,101.800,,,5.0,1
Comederos y Bebederos,99.750,105.000,5% OFF,4.3,3
Comederos y Bebederos,32.100,,,5.0,1
Comederos y Bebederos,114.998,,,5.0,1
Comederos y Bebederos,34.014,46.480,26% OFF,5.0,1
Comederos y Bebederos,40.858,,,4.0,1
Comederos y Bebederos,43.954,,,5.0,1
Comederos y Bebederos,36.988,50.676,27% OFF,5.0,1
Comederos y Bebederos,29.574,44.891,34% OFF,5.0,2
Comederos y Bebederos,56.900,,,4.6,12
Comederos y Bebederos,43.180,,,5.0,1
Comederos y Bebederos,30.000,,,4.0,1
Comederos y Bebederos,56.900,,,4.6,12
Comederos y Bebederos,30.000,,,4.0,1
Comederos y Bebederos,109.900,,,4.9,35
Comederos y Bebederos,85.900,,,4.1,14
Comederos y Bebederos,79.900,,,5.0,2
Comederos y Bebederos,90.000,,,4.9,9
Comederos y Bebederos,119.900,,,5.0,1
Comederos y Bebederos,99.900,,,4.0,3
Comederos y Bebederos,159.000,,,5.0,3
Comederos y Bebederos,74.900,,,4.9,9
Comederos y Bebederos,55.000,,,5.0,1
Comederos y Bebederos,44.900,,,4.5,6
Comederos y Bebederos,185.000,,,4.3,4
Comederos y Bebederos,90.000,,,5.0,3
Comederos y Bebederos,125.000,,,4.9,11
Comederos y Bebederos,192.624,,,5.0,1
Comederos y Bebederos,201.332,,,4.0,1
Comederos y Bebederos,85.000,,,4.0,2
"Alimento, Premios y Suplemento",270.819,298.880,9% OFF,4.9,52
"Alimento, Premios y Suplemento",99.999,111.110,10% OFF,4.7,7
"Alimento, Premios y Suplemento",159.800,,,4.9,976
"Alimento, Premios y Suplemento",203.927,,,4.9,74
"Alimento, Premios y Suplemento",350.122,370.000,5% OFF,4.9,306
"Alimento, Premios y Suplemento",130.096,149.022,12% OFF,4.5,6
"Alimento, Premios y Suplemento",69.840,80.000,12% OFF,4.9,736
"Alimento, Premios y Suplemento",133.647,166.000,19% OFF,4.9,39
"Alimento, Premios y Suplemento",280.000,329.412,15% OFF,4.9,276
"Alimento, Premios y Suplemento",181.500,,,4.9,736
"Alimento, Premios y Suplemento",194.512,241.600,19% OFF,4.9,186
"Alimento, Premios y Suplemento",193.466,240.300,19% OFF,5.0,3
"Alimento, Premios y Suplemento",73.720,80.000,7% OFF,4.9,1857
"Alimento, Premios y Suplemento",213.777,237.530,10% OFF,4.9,724
"Alimento, Premios y Suplemento",222.500,,,4.9,1290
"Alimento, Premios y Suplemento",333.245,401.500,17% OFF,5.0,22
"Alimento, Premios y Suplemento",327.434,406.700,19% OFF,5.0,14
"Alimento, Premios y Suplemento",60.840,,,4.9,486
"Alimento, Premios y Suplemento",183.000,,,4.9,247
"Alimento, Premios y Suplemento",271.600,350.000,22% OFF,4.9,323
"Alimento, Premios y Suplemento",162.900,,,4.9,539
"Alimento, Premios y Suplemento",202.900,,,4.9,517
"Alimento, Premios y Suplemento",119.997,133.330,10% OFF,5.0,31
"Alimento, Premios y Suplemento",139.000,,,4.8,145
"Alimento, Premios y Suplemento",336.000,,,4.9,123
"Alimento, Premios y Suplemento",242.000,,,4.9,1857
"Alimento, Premios y Suplemento",240.000,,,4.9,191
"Alimento, Premios y Suplemento",282.700,,,4.9,293
"Alimento, Premios y Suplemento",340.000,,,4.9,175
"Alimento, Premios y Suplemento",360.000,,,4.9,222
"Alimento, Premios y Suplemento",148.494,,,4.9,382
"Alimento, Premios y Suplemento",234.200,,,4.9,359
"Alimento, Premios y Suplemento",14.915,18.880,21% OFF,4.9,57
"Alimento, Premios y Suplemento",335.000,,,4.8,339
"Alimento, Premios y Suplemento",291.477,320.305,9% OFF,4.9,775
"Alimento, Premios y Suplemento",152.900,,,4.9,123
"Alimento, Premios y Suplemento",352.000,,,4.9,302
"Alimento, Premios y Suplemento",270.600,,,4.9,1313
"Alimento, Premios y Suplemento",284.900,,,4.9,319
"Alimento, Premios y Suplemento",211.800,,,4.9,156
"Alimento, Premios y Suplemento",97.500,,,4.9,174
"Alimento, Premios y Suplemento",392.000,,,4.9,199
"Alimento, Premios y Suplemento",379.899,446.941,15% OFF,4.9,255
"Alimento, Premios y Suplemento",161.500,,,4.9,373
"Alimento, Premios y Suplemento",223.250,235.000,5% OFF,4.9,651
"Alimento, Premios y Suplemento",97.900,,,4.9,775
"Alimento, Premios y Suplemento",249.999,,,4.9,168
"Alimento, Premios y Suplemento",226.000,,,4.9,143
"Alimento, Premios y Suplemento",465.000,,,4.9,153
"Alimento, Premios y Suplemento",172.400,215.500,20% OFF,4.9,193
"Alimento, Premios y Suplemento",197.349,234.940,16% OFF,4.8,124
"Alimento, Premios y Suplemento",7.750,8.500,8% OFF,4.9,14
"Alimento, Premios y Suplemento",159.000,,,5.0,30
"Alimento, Premios y Suplemento",171.800,,,4.9,50
"Alimento, Premios y Suplemento",96.400,,,4.9,84
"Alimento, Premios y Suplemento",362.000,436.145,17% OFF,4.9,120
"Alimento, Premios y Suplemento",92.589,,,4.7,79
"Alimento, Premios y Suplemento",110.400,,,4.9,74
"Alimento, Premios y Suplemento",270.819,298.880,9% OFF,4.9,52
"Alimento, Premios y Suplemento",69.840,80.000,12% OFF,4.9,736
"Alimento, Premios y Suplemento",110.400,,,4.9,74
"Alimento, Premios y Suplemento",169.992,188.880,10% OFF,4.9,306
"Alimento, Premios y Suplemento",152.000,,,4.9,241
"Alimento, Premios y Suplemento",193.466,240.300,19% OFF,5.0,3
"Alimento, Premios y Suplemento",194.512,241.600,19% OFF,4.9,186
"Alimento, Premios y Suplemento",77.000,,,4.8,812
"Alimento, Premios y Suplemento",520.000,,,4.9,479
"Alimento, Premios y Suplemento",290.000,,,4.8,230
"Alimento, Premios y Suplemento",327.434,406.700,19% OFF,5.0,14
"Alimento, Premios y Suplemento",81.846,103.800,21% OFF,5.0,30
"Alimento, Premios y Suplemento",92.700,,,4.8,94
"Alimento, Premios y Suplemento",152.400,,,4.9,265
"Alimento, Premios y Suplemento",83.000,,,4.9,380
"Alimento, Premios y Suplemento",333.245,401.500,17% OFF,5.0,22
"Alimento, Premios y Suplemento",74.991,85.900,12% OFF,4.9,100
"Alimento, Premios y Suplemento",216.000,,,4.9,247
"Alimento, Premios y Suplemento",362.000,436.145,17% OFF,4.9,479
"Alimento, Premios y Suplemento",72.799,79.000,7% OFF,4.9,98
"Alimento, Premios y Suplemento",238.000,,,5.0,86
"Alimento, Premios y Suplemento",209.997,233.330,10% OFF,4.9,49
"Alimento, Premios y Suplemento",87.800,,,4.9,1290
"Alimento, Premios y Suplemento",250.000,294.118,15% OFF,4.8,189
"Alimento, Premios y Suplemento",84.700,,,4.9,75
"Alimento, Premios y Suplemento",227.172,,,4.9,337
"Alimento, Premios y Suplemento",17.957,20.800,13% OFF,4.9,757
"Alimento, Premios y Suplemento",334.800,418.500,20% OFF,5.0,27
"Alimento, Premios y Suplemento",310.420,365.200,15% OFF,4.9,77
"Alimento, Premios y Suplemento",406.900,,,4.9,294
"Alimento, Premios y Suplemento",8.500,,,4.9,14
"Alimento, Premios y Suplemento",286.240,357.800,20% OFF,4.9,400
"Alimento, Premios y Suplemento",203.000,,,4.8,245
"Alimento, Premios y Suplemento",163.800,,,4.8,85
"Alimento, Premios y Suplemento",13.208,15.300,13% OFF,4.9,11
"Alimento, Premios y Suplemento",78.000,,,4.9,736
"Alimento, Premios y Suplemento",149.000,,,4.9,157
"Alimento, Premios y Suplemento",155.000,,,4.9,640
"Alimento, Premios y Suplemento",175.500,,,4.9,775
"Alimento, Premios y Suplemento",138.000,,,4.9,1313
"Alimento, Premios y Suplemento",7.943,12.220,35% OFF,4.6,5
"Alimento, Premios y Suplemento",87.100,,,5.0,8
"Alimento, Premios y Suplemento",262.575,350.100,25% OFF,4.9,130
"Alimento, Premios y Suplemento",280.000,,,4.9,112
"Alimento, Premios y Suplemento",65.200,,,4.9,229
"Alimento, Premios y Suplemento",29.907,32.800,8% OFF,4.9,16
"Alimento, Premios y Suplemento",303.000,,,4.9,16
"Alimento, Premios y Suplemento",13.994,16.210,13% OFF,4.9,49
"Alimento, Premios y Suplemento",257.900,,,5.0,94
"Alimento, Premios y Suplemento",192.477,211.096,8% OFF,5.0,27
"Alimento, Premios y Suplemento",200.000,,,4.8,66
"Alimento, Premios y Suplemento",130.900,,,4.9,257
"Alimento, Premios y Suplemento",367.856,443.200,17% OFF,5.0,139
"Alimento, Premios y Suplemento",17.400,,,4.9,97
"Alimento, Premios y Suplemento",117.710,149.000,21% OFF,4.9,517
"Alimento, Premios y Suplemento",28.350,,,5.0,21
"Alimento, Premios y Suplemento",310.000,,,4.9,287
"Alimento, Premios y Suplemento",147.000,,,4.9,15
"Alimento, Premios y Suplemento",270.819,298.880,9% OFF,4.9,52
"Alimento, Premios y Suplemento",69.840,80.000,12% OFF,4.9,736
"Alimento, Premios y Suplemento",136.300,,,4.9,287
"Alimento, Premios y Suplemento",421.900,,,4.9,74
"Alimento, Premios y Suplemento",127.300,141.445,10% OFF,5.0,37
"Alimento, Premios y Suplemento",193.466,240.300,19% OFF,5.0,3
"Alimento, Premios y Suplemento",194.512,241.600,19% OFF,4.9,186
"Alimento, Premios y Suplemento",103.600,,,4.9,541
"Alimento, Premios y Suplemento",296.039,,,4.9,611
"Alimento, Premios y Suplemento",117.000,,,4.9,31
"Alimento, Premios y Suplemento",327.434,406.700,19% OFF,5.0,14
"Alimento, Premios y Suplemento",133.647,166.000,19% OFF,4.9,193
"Alimento, Premios y Suplemento",23.177,29.999,22% OFF,4.8,339
"Alimento, Premios y Suplemento",86.800,,,4.9,133
"Alimento, Premios y Suplemento",156.877,179.699,12% OFF,4.8,49
"Alimento, Premios y Suplemento",333.245,401.500,17% OFF,5.0,22
"Alimento, Premios y Suplemento",81.846,103.800,21% OFF,5.0,30
"Alimento, Premios y Suplemento",365.000,429.412,15% OFF,4.9,96
"Alimento, Premios y Suplemento",406.831,,,5.0,110
"Alimento, Premios y Suplemento",160.200,,,4.8,413
"Alimento, Premios y Suplemento",164.100,,,4.8,812
"Alimento, Premios y Suplemento",24.269,27.799,12% OFF,5.0,12
"Alimento, Premios y Suplemento",102.291,,,4.9,132
"Alimento, Premios y Suplemento",252.000,,,4.9,242
"Alimento, Premios y Suplemento",71.000,,,4.8,159
"Alimento, Premios y Suplemento",91.000,,,4.9,302
"Alimento, Premios y Suplemento",8.500,,,5.0,11
"Alimento, Premios y Suplemento",14.151,16.210,12% OFF,4.9,46
"Alimento, Premios y Suplemento",239.313,,,4.9,257
"Alimento, Premios y Suplemento",392.199,490.249,20% OFF,4.8,65
"Alimento, Premios y Suplemento",31.000,,,4.9,486
"Alimento, Premios y Suplemento",240.000,,,4.9,541
"Alimento, Premios y Suplemento",114.993,127.770,10% OFF,4.9,25
"Alimento, Premios y Suplemento",157.000,,,4.9,123
"Alimento, Premios y Suplemento",154.300,,,4.8,76
"Alimento, Premios y Suplemento",7.750,8.500,8% OFF,5.0,7
"Alimento, Premios y Suplemento",188.280,215.670,12% OFF,4.9,44
"Alimento, Premios y Suplemento",343.000,,,4.9,153
"Alimento, Premios y Suplemento",361.000,,,4.9,62
"Alimento, Premios y Suplemento",172.800,,,4.9,222
"Alimento, Premios y Suplemento",20.100,,,4.9,976
"Alimento, Premios y Suplemento",206.000,,,4.8,339
"Alimento, Premios y Suplemento",93.095,102.100,8% OFF,4.9,651
"Alimento, Premios y Suplemento",10.004,12.200,18% OFF,4.9,541
"Alimento, Premios y Suplemento",10.000,,,4.9,16
"Alimento, Premios y Suplemento",127.300,,,4.9,129
"Alimento, Premios y Suplemento",125.000,,,4.9,38
"Alimento, Premios y Suplemento",84.600,,,4.9,52
"Alimento, Premios y Suplemento",152.077,174.200,12% OFF,4.9,757
"Alimento, Premios y Suplemento",116.500,,,4.9,199
"Alimento, Premios y Suplemento",194.000,,,4.9,153
"Alimento, Premios y Suplemento",323.408,394.400,18% OFF,4.9,33
"Alimento, Premios y Suplemento",240.880,301.100,20% OFF,4.8,51
"Alimento, Premios y Suplemento",221.000,,,4.9,83
"Alimento, Premios y Suplemento",210.000,,,4.9,611
"Alimento, Premios y Suplemento",80.000,,,4.9,168
"Alimento, Premios y Suplemento",216.700,,,4.8,50
"Alimento, Premios y Suplemento",8.920,12.220,27% OFF,4.6,5
"Alimento, Premios y Suplemento",270.819,298.880,9% OFF,4.9,52
"Alimento, Premios y Suplemento",193.466,240.300,19% OFF,5.0,3
"Alimento, Premios y Suplemento",354.000,,,5.0,76
"Alimento, Premios y Suplemento",10.200,,,4.9,19
"Alimento, Premios y Suplemento",104.994,116.660,10% OFF,4.7,51
"Alimento, Premios y Suplemento",327.434,406.700,19% OFF,5.0,14
"Alimento, Premios y Suplemento",138.217,,,4.7,3
"Alimento, Premios y Suplemento",259.741,312.941,17% OFF,4.8,36
"Alimento, Premios y Suplemento",79.992,88.880,10% OFF,5.0,11
"Alimento, Premios y Suplemento",68.201,79.000,13% OFF,4.9,24
"Alimento, Premios y Suplemento",333.245,401.500,17% OFF,5.0,22
"Alimento, Premios y Suplemento",22.551,28.600,21% OFF,4.7,16
"Alimento, Premios y Suplemento",370.876,406.751,8% OFF,4.9,35
"Alimento, Premios y Suplemento",160.366,,,4.9,245
"Alimento, Premios y Suplemento",420.000,,,4.9,173
"Alimento, Premios y Suplemento",22.543,28.000,19% OFF,5.0,15
"Alimento, Premios y Suplemento",133.647,166.000,19% OFF,4.9,193
"Alimento, Premios y Suplemento",105.840,168.000,37% OFF,4.9,206
"Alimento, Premios y Suplemento",133.500,148.334,10% OFF,5.0,84
"Alimento, Premios y Suplemento",107.355,126.300,15% OFF,4.9,100
"Alimento, Premios y Suplemento",141.500,,,5.0,139
"Alimento, Premios y Suplemento",102.500,,,4.9,56
"Alimento, Premios y Suplemento",197.000,,,4.9,14
"Alimento, Premios y Suplemento",210.500,,,4.9,337
"Alimento, Premios y Suplemento",9.225,11.700,21% OFF,5.0,7
"Alimento, Premios y Suplemento",206.000,,,5.0,76
"Alimento, Premios y Suplemento",356.000,,,4.9,499
"Alimento, Premios y Suplemento",198.880,,,4.9,23
"Alimento, Premios y Suplemento",127.000,,,4.9,400
"Alimento, Premios y Suplemento",128.000,,,4.9,93
"Alimento, Premios y Suplemento",328.000,400.000,18% OFF,5.0,83
"Alimento, Premios y Suplemento",370.000,,,4.9,24
"Alimento, Premios y Suplemento",352.628,,,4.9,337
"Alimento, Premios y Suplemento",348.301,387.002,10% OFF,4.7,77
"Alimento, Premios y Suplemento",114.993,127.770,10% OFF,4.9,37
"Alimento, Premios y Suplemento",130.891,166.000,21% OFF,5.0,9
"Alimento, Premios y Suplemento",432.000,,,4.9,122
"Alimento, Premios y Suplemento",7.392,9.990,26% OFF,4.9,287
"Alimento, Premios y Suplemento",220.000,,,4.8,44
"Alimento, Premios y Suplemento",28.100,,,4.6,20
"Alimento, Premios y Suplemento",26.370,29.300,10% OFF,4.9,302
"Alimento, Premios y Suplemento",170.632,193.900,12% OFF,4.9,319
"Alimento, Premios y Suplemento",416.900,,,4.9,48
"Alimento, Premios y Suplemento",194.512,241.600,19% OFF,4.9,186
"Alimento, Premios y Suplemento",5.999,11.110,46% OFF,4.8,39
"Alimento, Premios y Suplemento",42.976,53.058,19% OFF,5.0,4
"Alimento, Premios y Suplemento",377.401,454.700,17% OFF,5.0,46
"Alimento, Premios y Suplemento",62.160,77.700,20% OFF,4.9,34
"Alimento, Premios y Suplemento",37.663,41.306,8% OFF,4.9,539
"Alimento, Premios y Suplemento",410.300,,,4.5,11
"Alimento, Premios y Suplemento",443.116,,,4.9,147
"Alimento, Premios y Suplemento",170.500,,,4.9,61
"Alimento, Premios y Suplemento",212.672,,,4.9,479
"Alimento, Premios y Suplemento",190.000,,,4.9,46
"Alimento, Premios y Suplemento",19.720,20.994,6% OFF,4.9,43
"Alimento, Premios y Suplemento",13.444,15.400,12% OFF,4.5,4
"Alimento, Premios y Suplemento",62.182,,,4.9,276
"Alimento, Premios y Suplemento",71.800,,,4.9,179
"Alimento, Premios y Suplemento",270.819,298.880,9% OFF,4.9,52
"Alimento, Premios y Suplemento",193.466,240.300,19% OFF,5.0,3
"Alimento, Premios y Suplemento",232.548,,,4.9,173
"Alimento, Premios y Suplemento",237.648,,,4.8,158
"Alimento, Premios y Suplemento",44.000,,,4.9,75
"Alimento, Premios y Suplemento",133.647,166.000,19% OFF,4.9,193
"Alimento, Premios y Suplemento",333.245,401.500,17% OFF,5.0,22
"Alimento, Premios y Suplemento",211.100,,,4.9,66
"Alimento, Premios y Suplemento",145.225,,,4.9,206
"Alimento, Premios y Suplemento",131.900,,,4.9,114
"Alimento, Premios y Suplemento",74.991,85.900,12% OFF,4.9,100
"Alimento, Premios y Suplemento",22.551,28.600,21% OFF,4.7,16
"Alimento, Premios y Suplemento",89.900,,,4.9,187
"Alimento, Premios y Suplemento",206.035,248.235,17% OFF,4.9,206
"Alimento, Premios y Suplemento",493.248,548.054,10% OFF,4.9,50
"Alimento, Premios y Suplemento",138.217,,,4.7,3
"Alimento, Premios y Suplemento",93.149,106.700,12% OFF,4.8,339
"Alimento, Premios y Suplemento",5.700,,,4.9,382
"Alimento, Premios y Suplemento",27.100,,,4.9,1857
"Alimento, Premios y Suplemento",138.000,,,4.9,1313
"Alimento, Premios y Suplemento",159.000,,,4.9,38
"Alimento, Premios y Suplemento",561.200,,,4.9,36
"Alimento, Premios y Suplemento",220.989,,,4.9,131
"Alimento, Premios y Suplemento",81.846,103.800,21% OFF,5.0,31
"Alimento, Premios y Suplemento",280.000,,,4.7,13
"Alimento, Premios y Suplemento",319.101,379.883,16% OFF,5.0,25
"Alimento, Premios y Suplemento",233.687,,,4.8,38
"Alimento, Premios y Suplemento",15.900,,,4.8,18
"Alimento, Premios y Suplemento",74.991,85.900,12% OFF,4.8,18
"Alimento, Premios y Suplemento",155.818,,,4.9,8
"Alimento, Premios y Suplemento",254.900,283.223,10% OFF,5.0,1
"Alimento, Premios y Suplemento",233.900,,,4.8,77
"Alimento, Premios y Suplemento",114.900,139.900,17% OFF,4.7,41
"Alimento, Premios y Suplemento",10.200,,,4.9,10
"Alimento, Premios y Suplemento",13.100,,,4.9,16
"Alimento, Premios y Suplemento",31.200,39.000,20% OFF,4.9,11
"Alimento, Premios y Suplemento",108.500,,,4.8,94
"Alimento, Premios y Suplemento",108.300,,,5.0,21
"Alimento, Premios y Suplemento",130.900,,,4.8,19
"Alimento, Premios y Suplemento",478.574,,,4.9,337
"Alimento, Premios y Suplemento",26.800,,,4.9,18
"Alimento, Premios y Suplemento",92.600,,,4.9,32
"Alimento, Premios y Suplemento",49.700,,,4.6,25
"Alimento, Premios y Suplemento",314.999,379.518,17% OFF,4.7,19
"Alimento, Premios y Suplemento",25.250,,,4.7,37
"Alimento, Premios y Suplemento",98.300,,,4.9,499
"Alimento, Premios y Suplemento",121.892,151.400,19% OFF,4.9,23
"Alimento, Premios y Suplemento",174.400,,,4.9,40
"Alimento, Premios y Suplemento",18.333,19.900,7% OFF,4.8,4
"Alimento, Premios y Suplemento",134.402,,,5.0,83
"Alimento, Premios y Suplemento",160.000,,,5.0,12
"Alimento, Premios y Suplemento",365.000,429.412,15% OFF,4.8,40
"Alimento, Premios y Suplemento",64.740,78.000,17% OFF,4.9,48
"Alimento, Premios y Suplemento",499.900,,,4.9,49
"Alimento, Premios y Suplemento",109.000,,,4.7,30
"Alimento, Premios y Suplemento",378.000,444.706,15% OFF,4.9,243
"Alimento, Premios y Suplemento",105.500,,,4.8,39
"Alimento, Premios y Suplemento",270.819,298.880,9% OFF,4.9,52
"Alimento, Premios y Suplemento",133.647,166.000,19% OFF,4.9,193
"Alimento, Premios y Suplemento",279.207,,,4.9,611
"Alimento, Premios y Suplemento",227.440,249.441,8% OFF,4.9,499
"Alimento, Premios y Suplemento",82.780,100.400,17% OFF,5.0,11
"Alimento, Premios y Suplemento",93.149,106.700,12% OFF,4.8,339
"Alimento, Premios y Suplemento",138.217,,,4.7,3
"Alimento, Premios y Suplemento",166.100,,,4.8,223
"Alimento, Premios y Suplemento",385.900,,,4.8,32
"Alimento, Premios y Suplemento",90.999,109.638,17% OFF,5.0,83
"Alimento, Premios y Suplemento",351.616,385.628,8% OFF,4.9,16
"Alimento, Premios y Suplemento",12.931,16.400,21% OFF,5.0,3
"Alimento, Premios y Suplemento",199.998,222.220,10% OFF,4.9,30
"Alimento, Premios y Suplemento",335.000,,,5.0,23
"Alimento, Premios y Suplemento",88.700,,,4.8,124
"Alimento, Premios y Suplemento",99.999,111.110,10% OFF,4.7,7
"Alimento, Premios y Suplemento",25.200,,,4.9,1313
"Alimento, Premios y Suplemento",100.000,,,4.9,56
"Alimento, Premios y Suplemento",77.600,,,4.9,35
"Alimento, Premios y Suplemento",188.300,,,4.8,230
"Alimento, Premios y Suplemento",37.774,44.440,15% OFF,4.9,44
"Alimento, Premios y Suplemento",87.891,96.393,8% OFF,4.9,303
"Alimento, Premios y Suplemento",88.000,,,5.0,39
"Alimento, Premios y Suplemento",22.543,28.000,19% OFF,5.0,15
"Alimento, Premios y Suplemento",395.400,,,4.9,374
"Alimento, Premios y Suplemento",240.623,,,5.0,42
"Alimento, Premios y Suplemento",125.799,157.249,20% OFF,4.8,37
"Alimento, Premios y Suplemento",129.996,144.440,10% OFF,5.0,2
"Alimento, Premios y Suplemento",139.900,,,4.9,18
"Alimento, Premios y Suplemento",88.500,,,5.0,13
"Alimento, Premios y Suplemento",446.505,525.300,15% OFF,5.0,20
"Alimento, Premios y Suplemento",99.000,,,4.9,64
"Alimento, Premios y Suplemento",124.100,,,4.9,147
"Alimento, Premios y Suplemento",213.051,258.400,17% OFF,5.0,79
"Alimento, Premios y Suplemento",509.900,,,4.9,250
"Alimento, Premios y Suplemento",5.700,,,4.9,100
"Alimento, Premios y Suplemento",100.919,115.600,12% OFF,4.9,187
"Alimento, Premios y Suplemento",10.400,,,5.0,3
"Alimento, Premios y Suplemento",115.000,,,5.0,108
"Alimento, Premios y Suplemento",40.900,,,4.8,812
"Alimento, Premios y Suplemento",26.600,,,4.9,1290
"Alimento, Premios y Suplemento",128.300,,,4.9,122
"Alimento, Premios y Suplemento",302.000,,,5.0,9
"Alimento, Premios y Suplemento",378.294,,,4.9,34
"Alimento, Premios y Suplemento",141.700,,,4.9,323
"Alimento, Premios y Suplemento",31.000,,,4.7,125
"Alimento, Premios y Suplemento",99.000,,,4.9,479
"Alimento, Premios y Suplemento",58.000,,,5.0,16
"Alimento, Premios y Suplemento",549.900,,,4.9,39
"Alimento, Premios y Suplemento",105.900,,,4.7,3
"Alimento, Premios y Suplemento",121.050,,,4.9,337
"Alimento, Premios y Suplemento",170.000,,,4.9,22
"Alimento, Premios y Suplemento",14.600,,,4.9,1290
"Alimento, Premios y Suplemento",231.200,,,4.9,255
"Alimento, Premios y Suplemento",75.800,,,4.8,46
"Alimento, Premios y Suplemento",75.945,91.500,17% OFF,5.0,5
"Alimento, Premios y Suplemento",130.096,149.022,12% OFF,4.5,6
"Alimento, Premios y Suplemento",115.290,128.100,10% OFF,4.9,374
"Alimento, Premios y Suplemento",359.899,449.874,20% OFF,5.0,22
"Alimento, Premios y Suplemento",231.000,,,4.9,12
"Alimento, Premios y Suplemento",77.048,95.700,19% OFF,4.9,193
"Alimento, Premios y Suplemento",321.000,,,4.6,14
"Alimento, Premios y Suplemento",77.352,98.100,21% OFF,4.9,130
"Alimento, Premios y Suplemento",97.000,,,4.9,191
"Alimento, Premios y Suplemento",80.000,,,4.9,7
"Alimento, Premios y Suplemento",45.000,,,4.8,36
"Alimento, Premios y Suplemento",102.200,,,4.9,21
"Alimento, Premios y Suplemento",106.515,132.300,19% OFF,4.8,17
"Alimento, Premios y Suplemento",7.750,8.500,8% OFF,5.0,4
"Alimento, Premios y Suplemento",159.900,,,4.7,33
"Alimento, Premios y Suplemento",76.807,95.400,19% OFF,5.0,10
"Alimento, Premios y Suplemento",140.148,153.705,8% OFF,4.9,43
"Alimento, Premios y Suplemento",599.900,,,4.8,26
"Alimento, Premios y Suplemento",327.434,406.700,19% OFF,5.0,14
"Alimento, Premios y Suplemento",149.000,,,5.0,15
"Alimento, Premios y Suplemento",59.794,,,5.0,8
"Alimento, Premios y Suplemento",129.200,,,4.8,24
"Alimento, Premios y Suplemento",369.294,429.412,14% OFF,4.9,52
"Alimento, Premios y Suplemento",189.800,,,4.9,622
"Alimento, Premios y Suplemento",119.997,133.330,10% OFF,5.0,51
"Alimento, Premios y Suplemento",6.400,,,4.9,11
"Alimento, Premios y Suplemento",32.000,,,4.8,26
"Alimento, Premios y Suplemento",25.400,,,4.8,6
"Alimento, Premios y Suplemento",314.988,,,4.6,53
"Alimento, Premios y Suplemento",101.300,,,4.9,15
"Alimento, Premios y Suplemento",132.900,,,4.9,24
"Alimento, Premios y Suplemento",150.600,,,4.9,133
"Alimento, Premios y Suplemento",78.000,,,4.8,413
"Alimento, Premios y Suplemento",75.600,,,4.3,11
"Alimento, Premios y Suplemento",144.376,,,4.7,18
"Alimento, Premios y Suplemento",145.000,,,4.6,27
"Alimento, Premios y Suplemento",308.000,350.000,12% OFF,4.3,6
"Alimento, Premios y Suplemento",438.900,,,5.0,108
"Alimento, Premios y Suplemento",138.495,,,4.9,240
"Alimento, Premios y Suplemento",125.000,,,4.8,19
"Alimento, Premios y Suplemento",299.976,344.800,13% OFF,5.0,5
"Alimento, Premios y Suplemento",15.410,17.850,13% OFF,4.8,6
"Alimento, Premios y Suplemento",489.700,,,4.9,48
"Alimento, Premios y Suplemento",10.900,,,4.9,37
"Alimento, Premios y Suplemento",27.100,,,4.8,51
"Alimento, Premios y Suplemento",78.000,,,4.8,51
"Alimento, Premios y Suplemento",223.100,,,5.0,4
"Alimento, Premios y Suplemento",69.800,,,4.9,172
"Alimento, Premios y Suplemento",249.900,,,4.7,17
"Alimento, Premios y Suplemento",207.800,,,4.9,34
"Alimento, Premios y Suplemento",428.000,,,5.0,52
"Alimento, Premios y Suplemento",270.819,298.880,9% OFF,4.9,52
"Alimento, Premios y Suplemento",193.466,240.300,19% OFF,5.0,3
"Alimento, Premios y Suplemento",129.799,162.249,20% OFF,4.8,13
"Alimento, Premios y Suplemento",60.000,,,4.9,168
"Alimento, Premios y Suplemento",215.900,,,4.6,19
"Alimento, Premios y Suplemento",327.434,406.700,19% OFF,5.0,14
"Alimento, Premios y Suplemento",81.846,103.800,21% OFF,5.0,30
"Alimento, Premios y Suplemento",13.900,,,4.9,499
"Alimento, Premios y Suplemento",60.900,,,4.9,16
"Alimento, Premios y Suplemento",485.800,,,4.9,129
"Alimento, Premios y Suplemento",333.245,401.500,17% OFF,5.0,22
"Alimento, Premios y Suplemento",74.991,85.900,12% OFF,4.9,100
"Alimento, Premios y Suplemento",233.400,,,4.9,18
"Alimento, Premios y Suplemento",174.000,,,4.8,71
"Alimento, Premios y Suplemento",365.000,,,4.9,48
"Alimento, Premios y Suplemento",133.647,166.000,19% OFF,4.9,193
"Alimento, Premios y Suplemento",138.217,,,4.7,3
"Alimento, Premios y Suplemento",109.648,,,4.6,16
"Alimento, Premios y Suplemento",13.200,,,4.9,53
"Alimento, Premios y Suplemento",60.400,,,4.9,382
"Alimento, Premios y Suplemento",88.500,,,4.7,53
"Alimento, Premios y Suplemento",155.000,,,5.0,9
"Alimento, Premios y Suplemento",66.076,83.800,21% OFF,4.9,62
"Alimento, Premios y Suplemento",86.530,94.900,8% OFF,4.8,28
"Alimento, Premios y Suplemento",26.021,33.000,21% OFF,4.9,131
"Alimento, Premios y Suplemento",146.232,,,5.0,14
"Alimento, Premios y Suplemento",198.600,,,4.9,100
"Alimento, Premios y Suplemento",212.277,,,4.9,303
"Alimento, Premios y Suplemento",194.960,243.700,20% OFF,5.0,120
"Alimento, Premios y Suplemento",25.600,,,4.9,323
"Alimento, Premios y Suplemento",28.000,,,4.9,541
"Alimento, Premios y Suplemento",51.500,,,4.8,33
"Alimento, Premios y Suplemento",245.600,307.000,20% OFF,4.8,23
"Alimento, Premios y Suplemento",21.760,25.303,14% OFF,5.0,164
"Alimento, Premios y Suplemento",72.215,79.200,8% OFF,5.0,8
"Alimento, Premios y Suplemento",77.402,84.889,8% OFF,5.0,22
"Alimento, Premios y Suplemento",227.000,,,4.8,158
"Alimento, Premios y Suplemento",422.800,,,4.9,50
"Alimento, Premios y Suplemento",250.300,,,5.0,7
"Alimento, Premios y Suplemento",81.362,89.232,8% OFF,4.9,611
"Alimento, Premios y Suplemento",140.600,,,5.0,37
"Alimento, Premios y Suplemento",83.747,100.900,17% OFF,4.9,62
"Alimento, Premios y Suplemento",119.900,599.900,80% OFF,5.0,10
"Alimento, Premios y Suplemento",139.500,,,4.8,25
"Alimento, Premios y Suplemento",194.512,241.600,19% OFF,4.9,17
"Alimento, Premios y Suplemento",187.000,,,5.0,42
"Alimento, Premios y Suplemento",104.477,114.583,8% OFF,4.7,11
"Alimento, Premios y Suplemento",74.991,85.900,12% OFF,4.9,100
"Alimento, Premios y Suplemento",193.323,212.023,8% OFF,5.0,3
"Alimento, Premios y Suplemento",454.900,,,5.0,12
"Alimento, Premios y Suplemento",91.600,,,4.8,18
"Alimento, Premios y Suplemento",201.728,265.124,23% OFF,4.9,15
"Alimento, Premios y Suplemento",27.100,,,5.0,21
"Alimento, Premios y Suplemento",64.515,73.900,12% OFF,4.8,30
"Alimento, Premios y Suplemento",92.400,,,5.0,38
"Alimento, Premios y Suplemento",111.427,122.205,8% OFF,5.0,13
"Alimento, Premios y Suplemento",193.466,240.300,19% OFF,5.0,3
"Alimento, Premios y Suplemento",270.819,298.880,9% OFF,4.9,52
"Alimento, Premios y Suplemento",246.200,,,4.4,7
"Alimento, Premios y Suplemento",245.000,,,4.8,49
"Alimento, Premios y Suplemento",94.000,,,4.8,49
"Alimento, Premios y Suplemento",333.245,401.500,17% OFF,5.0,22
"Alimento, Premios y Suplemento",133.647,166.000,19% OFF,4.9,193
"Alimento, Premios y Suplemento",22.522,,,4.3,6
"Alimento, Premios y Suplemento",195.000,,,5.0,22
"Alimento, Premios y Suplemento",347.700,,,4.9,100
"Alimento, Premios y Suplemento",74.991,85.900,12% OFF,4.9,100
"Alimento, Premios y Suplemento",67.830,,,4.9,517
"Alimento, Premios y Suplemento",29.049,,,4.9,302
"Alimento, Premios y Suplemento",514.954,578.600,11% OFF,5.0,21
"Alimento, Premios y Suplemento",100.000,,,4.9,74
"Alimento, Premios y Suplemento",93.149,106.700,12% OFF,4.8,339
"Alimento, Premios y Suplemento",22.551,28.600,21% OFF,4.7,16
"Alimento, Premios y Suplemento",188.243,,,5.0,36
"Alimento, Premios y Suplemento",599.900,,,4.7,26
"Alimento, Premios y Suplemento",309.060,343.400,10% OFF,5.0,10
"Alimento, Premios y Suplemento",74.209,,,5.0,8
"Alimento, Premios y Suplemento",232.574,,,4.9,18
"Alimento, Premios y Suplemento",34.500,,,4.9,20
"Alimento, Premios y Suplemento",78.885,86.516,8% OFF,4.8,21
"Alimento, Premios y Suplemento",174.200,,,4.9,50
"Alimento, Premios y Suplemento",16.800,,,4.9,775
"Alimento, Premios y Suplemento",77.600,,,4.8,19
"Alimento, Premios y Suplemento",333.245,401.500,17% OFF,5.0,22
"Alimento, Premios y Suplemento",284.000,334.118,15% OFF,4.8,27
"Alimento, Premios y Suplemento",101.700,,,4.8,34
"Alimento, Premios y Suplemento",198.296,246.300,19% OFF,4.8,26
"Alimento, Premios y Suplemento",46.800,,,4.9,337
"Alimento, Premios y Suplemento",383.946,431.400,11% OFF,5.0,23
"Alimento, Premios y Suplemento",263.846,,,4.9,147
"Alimento, Premios y Suplemento",178.900,,,4.6,53
"Alimento, Premios y Suplemento",271.000,,,5.0,28
"Alimento, Premios y Suplemento",267.152,292.994,8% OFF,5.0,4
"Alimento, Premios y Suplemento",280.000,,,5.0,25
"Alimento, Premios y Suplemento",467.000,,,4.8,44
"Alimento, Premios y Suplemento",193.466,240.300,19% OFF,5.0,3
"Alimento, Premios y Suplemento",84.700,,,4.8,5
"Alimento, Premios y Suplemento",134.600,,,5.0,2
"Alimento, Premios y Suplemento",17.561,19.260,8% OFF,4.9,206
"Alimento, Premios y Suplemento",466.200,,,4.9,32
"Alimento, Premios y Suplemento",133.564,,,4.9,66
"Alimento, Premios y Suplemento",127.507,139.841,8% OFF,4.7,25
"Alimento, Premios y Suplemento",124.700,,,4.9,173
"Alimento, Premios y Suplemento",210.003,,,4.9,151
"Alimento, Premios y Suplemento",385.900,,,4.4,8
"Alimento, Premios y Suplemento",188.000,,,5.0,8
"Alimento, Premios y Suplemento",59.255,73.600,19% OFF,5.0,139
"Alimento, Premios y Suplemento",402.631,500.100,19% OFF,5.0,4
"Alimento, Premios y Suplemento",171.900,,,5.0,54
"Alimento, Premios y Suplemento",115.800,,,4.8,47
"Alimento, Premios y Suplemento",65.442,,,5.0,23
"Alimento, Premios y Suplemento",41.852,45.900,8% OFF,5.0,9
"Alimento, Premios y Suplemento",95.500,,,5.0,6
"Alimento, Premios y Suplemento",270.819,298.880,9% OFF,4.9,52
"Alimento, Premios y Suplemento",133.647,166.000,19% OFF,4.9,193
"Alimento, Premios y Suplemento",418.099,522.624,20% OFF,4.8,12
"Alimento, Premios y Suplemento",185.000,,,4.9,13
"Alimento, Premios y Suplemento",333.000,,,5.0,45
"Alimento, Premios y Suplemento",93.149,106.700,12% OFF,4.8,339
"Alimento, Premios y Suplemento",138.217,,,4.7,3
"Alimento, Premios y Suplemento",143.000,,,5.0,88
"Alimento, Premios y Suplemento",37.300,,,4.7,11
"Alimento, Premios y Suplemento",167.750,,,4.9,17
"Alimento, Premios y Suplemento",67.830,,,4.9,517
"Alimento, Premios y Suplemento",351.616,385.628,8% OFF,4.9,16
"Alimento, Premios y Suplemento",220.700,,,4.8,22
"Alimento, Premios y Suplemento",109.820,115.600,5% OFF,4.9,294
"Alimento, Premios y Suplemento",192.000,,,5.0,26
"Alimento, Premios y Suplemento",12.931,16.400,21% OFF,5.0,3
"Alimento, Premios y Suplemento",99.999,111.110,10% OFF,4.7,7
"Alimento, Premios y Suplemento",145.498,,,4.9,24
"Alimento, Premios y Suplemento",111.300,,,5.0,11
"Alimento, Premios y Suplemento",197.709,216.834,8% OFF,5.0,2
"Alimento, Premios y Suplemento",22.551,28.600,21% OFF,4.7,16
"Alimento, Premios y Suplemento",240.955,256.336,6% OFF,4.8,32
"Alimento, Premios y Suplemento",27.900,,,4.9,175
"Alimento, Premios y Suplemento",95.500,,,4.8,12
"Alimento, Premios y Suplemento",91.589,100.449,8% OFF,5.0,7
"Alimento, Premios y Suplemento",342.300,,,4.9,206
"Alimento, Premios y Suplemento",126.348,138.570,8% OFF,4.9,50
"Alimento, Premios y Suplemento",85.500,,,5.0,5
"Alimento, Premios y Suplemento",445.195,488.260,8% OFF,5.0,3
"Alimento, Premios y Suplemento",89.900,,,4.9,29
"Alimento, Premios y Suplemento",316.831,,,4.6,9
"Alimento, Premios y Suplemento",72.000,,,4.9,8
"Alimento, Premios y Suplemento",133.000,,,4.8,18
"Alimento, Premios y Suplemento",79.500,,,4.9,18
"Alimento, Premios y Suplemento",189.900,,,4.7,15
"Alimento, Premios y Suplemento",123.624,135.582,8% OFF,4.8,413
"Alimento, Premios y Suplemento",56.290,59.253,5% OFF,4.9,622
"Alimento, Premios y Suplemento",29.800,,,5.0,7
"Alimento, Premios y Suplemento",210.000,,,5.0,16
"Alimento, Premios y Suplemento",147.700,,,4.9,24
"Alimento, Premios y Suplemento",74.000,,,4.8,230
"Alimento, Premios y Suplemento",8.990,,,4.0,1
"Alimento, Premios y Suplemento",118.000,,,5.0,17
"Alimento, Premios y Suplemento",18.999,,,5.0,6
"Alimento, Premios y Suplemento",91.700,,,4.6,10
"Alimento, Premios y Suplemento",599.900,,,5.0,10
"Alimento, Premios y Suplemento",148.000,,,4.9,36
"Alimento, Premios y Suplemento",132.300,,,5.0,12
"Alimento, Premios y Suplemento",149.900,,,4.9,250
"Alimento, Premios y Suplemento",6.111,,,5.0,4
"Alimento, Premios y Suplemento",157.880,,,5.0,12
"Alimento, Premios y Suplemento",599.900,,,4.9,114
"Alimento, Premios y Suplemento",230.000,,,5.0,1
"Alimento, Premios y Suplemento",92.250,102.500,10% OFF,4.8,109
"Alimento, Premios y Suplemento",106.000,,,4.9,19
"Alimento, Premios y Suplemento",90.000,,,5.0,15
"Alimento, Premios y Suplemento",275.200,320.000,14% OFF,5.0,16
Estética y Cuidado,26.900,,,4.8,127
Estética y Cuidado,64.679,70.936,8% OFF,4.9,403
Estética y Cuidado,26.900,,,4.8,127
Estética y Cuidado,72.065,79.036,8% OFF,4.9,309
Estética y Cuidado,26.900,,,4.5,127
Estética y Cuidado,10.091,,,4.4,139
Estética y Cuidado,12.036,,,4.3,241
Estética y Cuidado,62.870,,,4.9,309
Estética y Cuidado,179.800,,,4.7,3
Estética y Cuidado,100.000,,,5.0,13
Estética y Cuidado,62.000,,,4.8,29
Estética y Cuidado,102.900,,,4.9,303
Estética y Cuidado,41.500,,,4.9,195
Estética y Cuidado,12.338,19.900,38% OFF,5.0,4
Estética y Cuidado,185.999,,,4.8,8
Estética y Cuidado,8.796,,,4.6,340
Estética y Cuidado,60.900,,,4.7,172
Estética y Cuidado,80.000,,,4.6,292
Estética y Cuidado,33.300,,,4.9,57
Estética y Cuidado,60.160,64.000,6% OFF,4.8,67
Estética y Cuidado,7.461,,,4.5,374
Estética y Cuidado,9.600,,,4.6,340
Estética y Cuidado,5.900,,,4.6,228
Estética y Cuidado,90.997,,,4.8,709
Estética y Cuidado,99.812,,,4.8,709
Estética y Cuidado,67.997,74.575,8% OFF,4.8,24
Estética y Cuidado,29.720,,,4.4,60
Estética y Cuidado,10.943,,,5.0,20
Estética y Cuidado,5.000,,,4.7,60
Estética y Cuidado,55.700,,,4.9,73
Estética y Cuidado,66.784,81.000,17% OFF,4.8,709
Estética y Cuidado,9.990,,,4.4,139
Estética y Cuidado,11.338,,,4.1,155
Estética y Cuidado,70.900,,,4.8,47
Estética y Cuidado,115.000,,,4.8,709
Estética y Cuidado,27.000,,,4.8,345
Estética y Cuidado,10.509,,,4.7,29
Estética y Cuidado,13.092,18.565,29% OFF,4.6,74
Estética y Cuidado,11.900,,,4.9,23
Estética y Cuidado,8.095,,,4.5,60
Estética y Cuidado,119.990,159.990,25% OFF,4.6,69
Estética y Cuidado,77.500,,,4.9,403
Estética y Cuidado,66.849,,,4.9,59
Estética y Cuidado,50.150,,,4.9,309
Estética y Cuidado,12.831,,,4.5,19
Estética y Cuidado,27.775,,,4.8,32
Estética y Cuidado,20.253,,,4.8,55
Estética y Cuidado,8.765,,,4.9,9
Estética y Cuidado,21.301,25.061,15% OFF,4.8,6
Estética y Cuidado,61.900,,,4.7,39
Estética y Cuidado,10.791,11.990,10% OFF,4.8,20
Estética y Cuidado,25.333,,,4.4,16
Estética y Cuidado,12.756,,,4.9,20
Estética y Cuidado,28.077,,,4.9,32
Estética y Cuidado,13.299,13.999,5% OFF,4.2,16
Estética y Cuidado,126.773,,,4.9,59
Estética y Cuidado,26.900,,,4.8,127
Estética y Cuidado,179.800,,,4.7,3
Estética y Cuidado,126.773,,,4.9,59
Estética y Cuidado,90.139,,,4.9,54
Estética y Cuidado,28.415,,,5.0,22
Estética y Cuidado,100.000,,,5.0,13
Estética y Cuidado,12.338,19.900,38% OFF,5.0,4
Estética y Cuidado,117.622,129.000,8% OFF,4.9,88
Estética y Cuidado,11.069,,,4.5,20
Estética y Cuidado,25.900,,,4.9,31
Estética y Cuidado,185.999,,,4.8,8
Estética y Cuidado,23.900,,,4.7,206
Estética y Cuidado,36.198,39.700,8% OFF,4.8,19
Estética y Cuidado,31.872,49.800,36% OFF,4.6,62
Estética y Cuidado,35.350,,,5.0,11
Estética y Cuidado,82.000,,,4.9,15
Estética y Cuidado,79.900,,,4.7,63
Estética y Cuidado,69.600,,,4.7,52
Estética y Cuidado,85.499,,,4.9,80
Estética y Cuidado,49.000,,,4.7,49
Estética y Cuidado,84.000,,,4.7,119
Estética y Cuidado,60.000,,,4.6,25
Estética y Cuidado,21.510,23.900,10% OFF,4.9,7
Estética y Cuidado,12.627,,,4.1,10
Estética y Cuidado,9.900,,,4.5,6
Estética y Cuidado,77.640,85.150,8% OFF,4.9,88
Estética y Cuidado,90.499,,,4.7,92
Estética y Cuidado,19.572,,,4.8,142
Estética y Cuidado,6.900,,,4.2,126
Estética y Cuidado,72.000,,,4.3,6
Estética y Cuidado,27.000,,,4.8,18
Estética y Cuidado,29.000,,,4.8,24
Estética y Cuidado,99.700,,,4.7,12
Estética y Cuidado,31.842,,,4.6,84
Estética y Cuidado,22.331,,,4.9,16
Estética y Cuidado,11.213,,,4.1,71
Estética y Cuidado,91.400,106.900,14% OFF,5.0,2
Estética y Cuidado,29.436,,,4.8,345
Estética y Cuidado,24.700,,,4.7,18
Estética y Cuidado,50.970,55.900,8% OFF,4.6,5
Estética y Cuidado,19.800,,,5.0,23
Estética y Cuidado,82.679,,,4.6,292
Estética y Cuidado,46.863,,,4.8,12
Estética y Cuidado,60.500,,,4.9,23
Estética y Cuidado,19.887,,,4.7,23
Estética y Cuidado,58.430,96.990,39% OFF,4.6,167
Estética y Cuidado,60.000,,,4.9,20
Estética y Cuidado,10.395,18.900,45% OFF,4.1,7
Estética y Cuidado,117.632,,,5.0,1
Estética y Cuidado,149.900,,,4.8,71
Estética y Cuidado,69.438,,,4.9,28
Estética y Cuidado,45.000,,,4.9,22
Estética y Cuidado,63.917,70.100,8% OFF,4.8,40
Estética y Cuidado,29.999,,,4.5,2
Estética y Cuidado,121.428,,,4.3,20
Estética y Cuidado,74.312,81.500,8% OFF,4.9,8
Estética y Cuidado,26.900,,,4.5,127
Estética y Cuidado,26.900,,,4.8,127
Estética y Cuidado,84.300,,,4.9,88
Estética y Cuidado,6.761,7.117,5% OFF,4.3,21
Estética y Cuidado,179.800,,,4.7,3
Estética y Cuidado,185.999,,,4.8,8
Estética y Cuidado,60.179,66.000,8% OFF,3.5,8
Estética y Cuidado,38.000,,,4.9,31
Estética y Cuidado,25.356,34.266,26% OFF,4.3,20
Estética y Cuidado,100.000,,,5.0,13
Estética y Cuidado,44.999,,,4.5,2
Estética y Cuidado,59.000,,,4.9,403
Estética y Cuidado,60.001,,,4.3,3
Estética y Cuidado,23.900,,,4.7,206
Estética y Cuidado,12.338,19.900,38% OFF,5.0,4
Estética y Cuidado,33.281,36.500,8% OFF,4.8,40
Estética y Cuidado,125.000,,,4.3,23
Estética y Cuidado,101.900,,,4.8,709
Estética y Cuidado,31.600,,,4.7,11
Estética y Cuidado,29.000,,,4.9,12
Estética y Cuidado,40.980,44.944,8% OFF,5.0,5
Estética y Cuidado,59.000,,,5.0,3
Estética y Cuidado,26.500,,,4.8,5
Estética y Cuidado,31.255,32.900,5% OFF,3.5,16
Estética y Cuidado,24.000,,,4.7,11
Estética y Cuidado,60.001,,,4.8,8
Estética y Cuidado,81.400,,,4.8,46
Estética y Cuidado,12.000,,,4.8,88
Estética y Cuidado,56.250,69.990,19% OFF,4.7,42
Estética y Cuidado,24.180,,,5.0,3
Estética y Cuidado,67.700,,,4.9,20
Estética y Cuidado,43.969,,,4.9,59
Estética y Cuidado,9.900,,,4.7,10
Estética y Cuidado,38.000,,,5.0,13
Estética y Cuidado,10.499,18.102,42% OFF,4.6,16
Estética y Cuidado,55.711,61.100,8% OFF,4.8,6
Estética y Cuidado,38.300,,,4.8,19
Estética y Cuidado,33.402,,,4.5,21
Estética y Cuidado,97.000,,,5.0,22
Estética y Cuidado,70.100,,,4.9,7
Estética y Cuidado,17.692,,,4.8,6
Estética y Cuidado,86.800,,,4.9,11
Estética y Cuidado,115.900,,,4.8,21
Estética y Cuidado,53.000,,,4.9,403
Estética y Cuidado,9.200,,,4.6,23
Estética y Cuidado,132.900,,,4.8,12
Estética y Cuidado,17.920,,,5.0,3
Estética y Cuidado,91.105,95.900,5% OFF,4.5,88
Estética y Cuidado,54.402,59.664,8% OFF,4.1,19
Estética y Cuidado,24.990,,,4.3,7
Estética y Cuidado,65.500,,,4.9,195
Estética y Cuidado,15.000,,,4.4,55
Estética y Cuidado,37.905,39.900,5% OFF,4.6,34
Estética y Cuidado,35.900,,,5.0,1
Estética y Cuidado,5.253,5.530,5% OFF,4.2,126
Estética y Cuidado,26.900,,,4.5,127
Estética y Cuidado,179.800,,,4.7,3
Estética y Cuidado,18.899,29.999,37% OFF,5.0,3
Estética y Cuidado,989.900,,,4.5,2
Estética y Cuidado,15.200,,,4.9,16
Estética y Cuidado,185.999,,,4.8,8
Estética y Cuidado,100.000,,,5.0,13
Estética y Cuidado,50.000,,,4.6,29
Estética y Cuidado,60.000,,,4.6,29
Estética y Cuidado,22.000,,,5.0,6
Estética y Cuidado,12.338,19.900,38% OFF,5.0,4
Estética y Cuidado,23.900,,,4.7,206
Estética y Cuidado,19.000,,,5.0,4
Estética y Cuidado,47.000,,,5.0,6
Estética y Cuidado,54.000,,,5.0,3
Estética y Cuidado,90.499,,,4.7,92
Estética y Cuidado,10.000,,,4.9,30
Estética y Cuidado,8.694,,,4.3,11
Estética y Cuidado,13.000,,,4.9,7
Estética y Cuidado,26.900,,,4.5,127
Estética y Cuidado,83.900,,,5.0,1
Estética y Cuidado,144.900,,,4.9,55
Estética y Cuidado,6.000,,,5.0,5
Estética y Cuidado,40.300,,,4.7,49
Estética y Cuidado,20.842,24.521,15% OFF,4.2,126
Estética y Cuidado,32.395,,,4.3,8
Estética y Cuidado,59.076,,,5.0,1
Estética y Cuidado,39.000,,,4.9,19
Estética y Cuidado,47.000,,,4.8,5
Estética y Cuidado,69.600,,,4.9,74
Estética y Cuidado,50.500,,,4.1,8
Estética y Cuidado,10.229,,,4.6,16
Estética y Cuidado,26.092,,,4.7,3
Estética y Cuidado,50.700,,,4.8,40
Estética y Cuidado,42.091,,,4.8,40
Estética y Cuidado,37.913,,,4.7,3
Estética y Cuidado,59.000,,,4.8,4
Estética y Cuidado,24.508,28.833,15% OFF,4.9,31
Estética y Cuidado,42.200,,,5.0,15
Estética y Cuidado,11.338,,,3.3,57
Estética y Cuidado,34.100,36.900,7% OFF,5.0,1
Estética y Cuidado,39.900,,,4.9,195
Estética y Cuidado,7.990,,,5.0,5
Estética y Cuidado,29.899,43.347,31% OFF,4.0,9
Estética y Cuidado,61.700,,,5.0,29
Estética y Cuidado,7.500,,,4.8,4
Estética y Cuidado,85.000,,,5.0,1
Estética y Cuidado,8.800,,,4.5,21
Estética y Cuidado,16.900,,,5.0,7
Estética y Cuidado,22.700,,,5.0,2
Estética y Cuidado,26.900,,,4.5,127
Estética y Cuidado,12.338,19.900,38% OFF,5.0,4
Estética y Cuidado,85.900,,,4.9,36
Estética y Cuidado,45.233,,,4.8,4
Estética y Cuidado,37.000,,,4.7,146
Estética y Cuidado,100.000,,,5.0,13
Estética y Cuidado,185.999,,,4.8,8
Estética y Cuidado,113.900,,,4.9,138
Estética y Cuidado,12.990,,,5.0,4
Estética y Cuidado,27.500,,,4.8,10
Estética y Cuidado,23.900,,,4.7,206
Estética y Cuidado,23.662,,,4.7,21
Estética y Cuidado,41.299,51.624,20% OFF,4.3,22
Estética y Cuidado,93.200,,,5.0,9
Estética y Cuidado,82.000,,,4.9,15
Estética y Cuidado,13.941,15.490,10% OFF,4.7,12
Estética y Cuidado,21.800,,,5.0,1
Estética y Cuidado,29.585,49.999,40% OFF,5.0,20
Estética y Cuidado,4.999,,,4.7,34
Estética y Cuidado,109.000,,,4.9,403
Estética y Cuidado,35.469,38.900,8% OFF,4.7,49
Estética y Cuidado,76.865,91.900,16% OFF,4.8,27
Estética y Cuidado,54.500,,,5.0,11
Estética y Cuidado,75.000,,,5.0,3
Estética y Cuidado,138.990,,,4.3,4
Estética y Cuidado,86.800,,,4.7,3
Estética y Cuidado,42.400,,,4.0,37
Estética y Cuidado,14.271,,,4.5,4
Estética y Cuidado,46.100,,,5.0,4
Estética y Cuidado,12.900,,,4.7,64
Estética y Cuidado,9.500,,,5.0,34
Estética y Cuidado,65.285,71.600,8% OFF,4.9,88
Estética y Cuidado,14.940,24.900,40% OFF,4.3,327
Estética y Cuidado,48.900,,,5.0,2
Estética y Cuidado,40.600,,,4.8,5
Estética y Cuidado,94.990,111.753,15% OFF,4.8,58
Estética y Cuidado,29.439,32.000,8% OFF,4.6,27
Estética y Cuidado,6.900,11.500,40% OFF,4.7,60
Estética y Cuidado,39.300,,,4.0,8
Estética y Cuidado,60.000,,,4.0,5
Estética y Cuidado,14.500,,,4.1,71
Estética y Cuidado,168.055,176.900,5% OFF,4.7,23
Estética y Cuidado,67.900,,,4.9,9
Estética y Cuidado,29.800,,,5.0,2
Estética y Cuidado,11.305,11.900,5% OFF,5.0,1
Estética y Cuidado,27.900,,,3.5,13
Estética y Cuidado,25.400,,,4.7,11
Estética y Cuidado,9.872,12.990,24% OFF,4.4,29
Estética y Cuidado,8.300,,,4.6,13
Estética y Cuidado,11.890,,,5.0,1
Estética y Cuidado,41.345,,,4.8,4
Estética y Cuidado,5.390,9.801,45% OFF,4.5,39
Estética y Cuidado,179.800,,,4.7,3
Estética y Cuidado,100.000,,,5.0,13
Estética y Cuidado,31.766,34.839,8% OFF,4.7,3
Estética y Cuidado,48.000,,,4.8,24
Estética y Cuidado,46.375,,,5.0,4
Estética y Cuidado,12.338,19.900,38% OFF,5.0,4
Estética y Cuidado,35.910,39.900,10% OFF,4.6,5
Estética y Cuidado,94.050,99.000,5% OFF,4.0,74
Estética y Cuidado,185.999,,,4.8,8
Estética y Cuidado,23.598,27.600,14% OFF,5.0,5
Estética y Cuidado,91.000,,,5.0,3
Estética y Cuidado,119.990,129.990,7% OFF,4.7,68
Estética y Cuidado,82.000,,,4.9,15
Estética y Cuidado,29.439,32.000,8% OFF,4.6,27
Estética y Cuidado,9.834,14.900,34% OFF,5.0,10
Estética y Cuidado,59.900,,,4.6,34
Estética y Cuidado,69.600,,,4.5,8
Estética y Cuidado,136.500,,,4.8,5
Estética y Cuidado,33.155,34.900,5% OFF,4.3,15
Estética y Cuidado,19.900,,,4.5,2
Estética y Cuidado,103.600,,,4.9,88
Estética y Cuidado,49.000,,,4.8,5
Estética y Cuidado,64.900,,,4.5,44
Estética y Cuidado,95.000,,,5.0,1
Estética y Cuidado,23.352,,,5.0,2
Estética y Cuidado,28.000,,,5.0,1
Estética y Cuidado,56.221,61.659,8% OFF,5.0,4
Estética y Cuidado,37.905,39.900,5% OFF,4.7,3
Estética y Cuidado,22.450,,,4.5,2
Estética y Cuidado,35.300,,,4.1,24
Estética y Cuidado,61.200,68.000,10% OFF,4.7,21
Estética y Cuidado,16.900,,,4.2,79
Estética y Cuidado,35.500,,,4.8,30
Estética y Cuidado,15.900,26.990,41% OFF,4.6,14
Estética y Cuidado,100.000,,,5.0,13
Estética y Cuidado,69.900,,,4.9,22
Estética y Cuidado,38.385,40.406,5% OFF,4.7,49
Estética y Cuidado,39.000,65.000,40% OFF,5.0,3
Estética y Cuidado,42.900,,,4.4,30
Estética y Cuidado,39.900,,,4.4,16
Estética y Cuidado,110.900,,,5.0,1
Estética y Cuidado,19.900,,,4.8,88
Estética y Cuidado,18.900,,,4.0,1
Estética y Cuidado,32.478,,,4.8,5
Estética y Cuidado,15.000,,,4.7,34
Estética y Cuidado,28.500,,,5.0,1
Estética y Cuidado,15.999,,,3.3,12
Estética y Cuidado,15.900,,,4.7,9
Estética y Cuidado,31.500,35.000,10% OFF,5.0,3
Estética y Cuidado,61.999,,,4.9,7
Estética y Cuidado,36.900,,,3.6,17
Estética y Cuidado,43.100,,,4.8,26
Estética y Cuidado,179.800,,,4.7,3
Estética y Cuidado,100.000,,,5.0,13
Estética y Cuidado,10.667,,,5.0,2
Estética y Cuidado,19.900,,,4.7,3
Estética y Cuidado,56.306,61.753,8% OFF,5.0,6
Estética y Cuidado,185.999,,,4.8,8
Estética y Cuidado,12.338,19.900,38% OFF,5.0,4
Estética y Cuidado,10.346,11.757,12% OFF,4.9,8
Estética y Cuidado,70.000,,,4.5,2
Estética y Cuidado,11.000,,,5.0,1
Estética y Cuidado,79.900,,,4.7,63
Estética y Cuidado,55.900,,,4.7,44
Estética y Cuidado,9.975,10.500,5% OFF,4.3,83
Estética y Cuidado,23.900,,,4.7,206
Estética y Cuidado,111.111,,,4.8,6
Estética y Cuidado,63.700,,,4.6,13
Estética y Cuidado,48.500,,,4.9,141
Estética y Cuidado,77.000,,,4.6,68
Estética y Cuidado,40.000,,,4.8,4
Estética y Cuidado,45.955,50.400,8% OFF,4.5,8
Estética y Cuidado,91.105,95.900,5% OFF,4.8,35
Estética y Cuidado,34.950,,,5.0,5
Estética y Cuidado,11.995,19.500,38% OFF,4.7,38
Estética y Cuidado,51.000,,,4.3,9
Estética y Cuidado,19.899,28.899,31% OFF,4.7,6
Estética y Cuidado,16.500,,,4.7,3
Estética y Cuidado,14.567,,,4.8,91
Estética y Cuidado,31.139,34.151,8% OFF,5.0,9
Estética y Cuidado,70.244,73.942,5% OFF,4.9,403
Estética y Cuidado,41.795,48.068,13% OFF,4.3,3
Estética y Cuidado,44.900,,,3.8,5
Estética y Cuidado,8.550,9.000,5% OFF,4.4,62
Estética y Cuidado,89.000,,,5.0,4
Estética y Cuidado,35.000,,,4.8,5
Estética y Cuidado,21.700,26.145,17% OFF,4.7,6
Estética y Cuidado,60.001,,,3.4,27
Estética y Cuidado,27.000,,,5.0,19
Estética y Cuidado,27.000,,,4.2,126
Estética y Cuidado,67.266,,,4.7,13
Estética y Cuidado,26.505,27.900,5% OFF,2.7,3
Estética y Cuidado,91.600,,,5.0,1
Estética y Cuidado,179.800,,,4.7,3
Estética y Cuidado,90.935,139.900,35% OFF,5.0,22
Estética y Cuidado,79.990,,,4.7,3
Estética y Cuidado,42.275,50.000,15% OFF,5.0,1
Estética y Cuidado,185.999,,,4.8,8
Estética y Cuidado,12.338,19.900,38% OFF,5.0,4
Estética y Cuidado,47.200,,,4.0,1
Estética y Cuidado,35.196,,,5.0,1
Estética y Cuidado,87.000,,,4.8,8
Estética y Cuidado,23.900,,,4.7,206
Estética y Cuidado,156.468,173.862,10% OFF,4.0,2
Estética y Cuidado,63.100,,,4.9,18
Estética y Cuidado,82.000,,,4.9,15
Estética y Cuidado,55.900,,,4.7,44
Estética y Cuidado,72.900,,,5.0,1
Estética y Cuidado,40.200,,,5.0,5
Estética y Cuidado,54.179,,,5.0,1
Estética y Cuidado,22.705,23.900,5% OFF,5.0,1
Estética y Cuidado,36.900,,,4.6,340
Estética y Cuidado,36.654,40.200,8% OFF,4.8,4
Estética y Cuidado,100.000,,,4.6,91
Estética y Cuidado,51.000,,,5.0,1
Estética y Cuidado,44.900,,,3.8,80
Estética y Cuidado,51.400,,,4.9,7
Estética y Cuidado,57.500,,,4.7,11
Estética y Cuidado,59.800,,,4.9,15
Estética y Cuidado,34.900,,,5.0,2
Estética y Cuidado,37.999,40.000,5% OFF,4.0,4
Estética y Cuidado,48.700,,,4.5,8
Estética y Cuidado,82.000,,,4.9,15
Estética y Cuidado,13.500,,,4.2,126
Estética y Cuidado,104.400,,,4.9,19
Estética y Cuidado,53.900,,,4.6,16
Estética y Cuidado,50.300,,,5.0,1
Estética y Cuidado,24.000,,,4.7,11
Estética y Cuidado,30.900,39.990,22% OFF,4.3,175
Estética y Cuidado,203.999,,,5.0,3
Estética y Cuidado,100.900,,,5.0,7
Estética y Cuidado,8.820,9.800,10% OFF,4.4,140
Estética y Cuidado,63.100,,,3.8,5
Estética y Cuidado,28.246,,,5.0,1
Estética y Cuidado,40.557,44.480,8% OFF,5.0,2
Estética y Cuidado,43.800,,,4.7,33
Estética y Cuidado,179.800,,,4.7,3
Estética y Cuidado,185.999,,,4.8,8
Estética y Cuidado,36.928,40.500,8% OFF,4.3,3
Estética y Cuidado,12.338,19.900,38% OFF,5.0,4
Estética y Cuidado,20.640,22.636,8% OFF,4.7,3
Estética y Cuidado,26.490,,,4.8,29
Estética y Cuidado,185.999,,,4.8,8
Estética y Cuidado,23.900,,,4.7,206
Estética y Cuidado,14.243,,,5.0,1
Estética y Cuidado,11.900,,,4.6,154
Estética y Cuidado,82.000,,,4.9,15
Estética y Cuidado,79.900,,,4.7,63
Estética y Cuidado,10.773,,,5.0,3
Estética y Cuidado,71.000,,,5.0,2
Estética y Cuidado,66.999,,,4.8,50
Estética y Cuidado,25.900,,,2.6,11
Estética y Cuidado,29.000,,,4.9,9
Estética y Cuidado,39.300,,,5.0,16
Estética y Cuidado,60.000,,,4.8,4
Estética y Cuidado,100.000,,,4.6,82
Estética y Cuidado,19.247,,,5.0,1
Estética y Cuidado,22.399,27.999,20% OFF,4.7,18
Estética y Cuidado,19.900,21.990,9% OFF,4.4,94
Estética y Cuidado,60.900,,,5.0,2
Estética y Cuidado,74.900,,,2.9,11
Estética y Cuidado,8.900,,,4.9,11
Estética y Cuidado,118.600,,,5.0,51
Estética y Cuidado,15.409,16.900,8% OFF,3.3,3
Estética y Cuidado,20.990,25.990,19% OFF,4.5,53
Estética y Cuidado,150.000,,,5.0,1
Estética y Cuidado,78.600,,,3.8,9
Estética y Cuidado,11.925,,,5.0,7
Estética y Cuidado,72.000,,,5.0,3
Estética y Cuidado,24.500,,,4.5,2
Estética y Cuidado,124.745,145.900,14% OFF,5.0,1
Estética y Cuidado,505.350,,,5.0,2
Estética y Cuidado,60.000,,,4.6,11
Estética y Cuidado,179.800,,,4.7,3
Estética y Cuidado,12.338,19.900,38% OFF,5.0,4
Estética y Cuidado,39.900,,,4.8,24
Estética y Cuidado,23.900,,,4.7,206
Estética y Cuidado,169.999,,,5.0,1
Estética y Cuidado,79.900,,,4.7,63
Estética y Cuidado,60.000,,,5.0,1
Estética y Cuidado,15.500,,,5.0,2
Estética y Cuidado,62.700,,,4.7,3
Estética y Cuidado,67.499,,,4.7,3
Estética y Cuidado,98.000,,,4.6,126
Estética y Cuidado,246.905,259.900,5% OFF,4.0,1
Estética y Cuidado,34.800,,,5.0,5
Estética y Cuidado,41.714,,,5.0,1
Estética y Cuidado,22.200,,,4.5,8
Estética y Cuidado,89.900,128.429,30% OFF,4.6,13
Estética y Cuidado,15.000,,,5.0,1
Estética y Cuidado,79.900,,,4.7,63
Estética y Cuidado,134.731,,,4.5,2
Estética y Cuidado,33.399,41.749,20% OFF,4.3,3
Estética y Cuidado,44.117,48.883,9% OFF,5.0,1
Estética y Cuidado,19.499,29.999,35% OFF,5.0,3
Estética y Cuidado,75.990,79.990,5% OFF,4.9,14
Estética y Cuidado,52.400,,,4.9,17
Estética y Cuidado,14.899,16.555,10% OFF,4.2,23
Viaje y Paseo,137.000,,,4.0,1
Viaje y Paseo,98.019,,,5.0,1
Viaje y Paseo,60.001,,,4.7,369
Viaje y Paseo,218.500,230.000,5% OFF,5.0,8
Viaje y Paseo,60.001,,,4.7,63
Viaje y Paseo,250.000,,,4.9,36
Viaje y Paseo,32.945,59.900,45% OFF,4.6,231
Viaje y Paseo,59.900,,,4.0,4
Viaje y Paseo,122.990,129.990,5% OFF,4.9,71
Viaje y Paseo,71.950,,,4.5,32
Viaje y Paseo,59.900,,,4.0,4
Viaje y Paseo,35.940,59.900,40% OFF,4.6,289
Viaje y Paseo,271.443,,,4.7,11
Viaje y Paseo,89.100,,,2.7,15
Viaje y Paseo,334.369,,,5.0,6
Viaje y Paseo,159.920,199.900,20% OFF,4.5,2
Viaje y Paseo,109.900,,,4.7,57
Viaje y Paseo,218.500,230.000,5% OFF,4.5,2
Viaje y Paseo,60.001,,,4.6,48
Viaje y Paseo,228.368,,,5.0,1
Viaje y Paseo,90.000,180.000,50% OFF,4.8,452
Viaje y Paseo,401.601,456.365,12% OFF,5.0,1
Viaje y Paseo,91.819,,,5.0,1
Viaje y Paseo,99.900,,,5.0,2
Viaje y Paseo,53.471,87.500,38% OFF,4.8,30
Viaje y Paseo,382.138,,,4.9,14
Viaje y Paseo,39.900,,,5.0,1
Viaje y Paseo,35.940,59.900,40% OFF,4.6,289
Viaje y Paseo,81.605,85.900,5% OFF,4.0,1
Viaje y Paseo,79.900,,,4.6,48
Viaje y Paseo,65.616,87.488,25% OFF,5.0,4
Viaje y Paseo,115.000,,,4.7,14
Viaje y Paseo,235.700,,,5.0,2
Viaje y Paseo,137.000,,,4.9,28
Viaje y Paseo,109.900,,,4.7,57
Viaje y Paseo,32.945,59.900,45% OFF,4.6,231
Viaje y Paseo,199.500,210.000,5% OFF,5.0,1
Viaje y Paseo,85.900,,,4.1,23
Viaje y Paseo,250.000,,,4.9,36
Viaje y Paseo,119.900,,,4.8,8
Viaje y Paseo,50.000,,,4.9,40
Viaje y Paseo,105.900,,,5.0,4
Viaje y Paseo,127.100,155.000,18% OFF,4.8,73
Viaje y Paseo,137.000,,,4.0,1
Viaje y Paseo,379.900,,,5.0,4
Viaje y Paseo,250.000,,,4.9,36
Viaje y Paseo,39.000,,,4.9,62
Viaje y Paseo,379.900,,,5.0,4
Viaje y Paseo,18.990,,,4.1,55
Viaje y Paseo,29.149,52.999,45% OFF,5.0,5
Viaje y Paseo,47.490,49.990,5% OFF,4.6,20
Viaje y Paseo,63.750,85.000,25% OFF,5.0,2
Viaje y Paseo,23.750,,,4.3,48
Viaje y Paseo,29.149,52.999,45% OFF,5.0,5
Viaje y Paseo,29.149,52.999,45% OFF,5.0,5
Viaje y Paseo,20.680,23.500,12% OFF,4.6,30
Viaje y Paseo,35.447,47.263,25% OFF,4.5,436
Viaje y Paseo,15.750,,,4.3,48
Viaje y Paseo,9.405,9.900,5% OFF,4.3,48
Viaje y Paseo,14.999,29.999,50% OFF,4.8,127
Viaje y Paseo,30.400,32.000,5% OFF,4.0,30
Viaje y Paseo,34.900,,,4.8,257
Viaje y Paseo,29.925,39.900,25% OFF,4.5,16
Viaje y Paseo,19.205,29.999,35% OFF,4.8,179
Viaje y Paseo,23.900,,,5.0,1
Viaje y Paseo,158.000,,,4.5,6
Viaje y Paseo,42.000,60.000,30% OFF,4.7,119
Viaje y Paseo,18.480,24.000,23% OFF,4.6,105
Viaje y Paseo,20.000,,,5.0,4
Viaje y Paseo,88.525,104.900,15% OFF,4.0,2
Viaje y Paseo,34.900,,,4.8,257
Viaje y Paseo,14.950,29.900,50% OFF,4.6,14
Viaje y Paseo,95.000,,,4.0,2
Viaje y Paseo,30.000,,,4.8,110
Viaje y Paseo,7.300,8.589,15% OFF,4.5,6
Viaje y Paseo,59.900,,,4.8,94
Viaje y Paseo,27.554,59.900,54% OFF,4.8,32
Viaje y Paseo,5.199,5.900,11% OFF,4.0,1
Viaje y Paseo,26.100,29.000,10% OFF,4.3,16
Viaje y Paseo,160.000,,,4.5,55
Viaje y Paseo,69.900,,,4.9,18
Viaje y Paseo,43.800,60.000,27% OFF,4.9,48
Viaje y Paseo,37.374,59.800,37% OFF,4.4,16
Viaje y Paseo,16.899,17.789,5% OFF,4.0,62
Viaje y Paseo,17.900,19.990,10% OFF,4.4,29
Viaje y Paseo,69.990,,,4.7,74
Viaje y Paseo,28.900,,,4.5,37
Viaje y Paseo,39.500,,,4.6,156
Viaje y Paseo,19.900,,,4.0,64
Viaje y Paseo,15.000,16.667,10% OFF,4.7,11
Viaje y Paseo,52.100,,,4.6,71
Viaje y Paseo,35.000,,,4.9,56
Viaje y Paseo,25.000,,,4.9,68
Viaje y Paseo,10.050,,,4.7,15
Viaje y Paseo,19.900,,,3.9,12
Viaje y Paseo,133.330,,,5.0,2
Viaje y Paseo,25.000,,,5.0,55
Viaje y Paseo,48.440,50.990,5% OFF,3.7,15
Viaje y Paseo,19.500,,,4.6,91
Viaje y Paseo,11.900,,,5.0,6
Viaje y Paseo,62.366,,,4.6,48
Viaje y Paseo,250.000,,,4.9,36
Viaje y Paseo,39.000,,,4.9,62
Viaje y Paseo,73.217,92.680,21% OFF,4.9,50
Viaje y Paseo,20.800,,,4.3,30
Viaje y Paseo,47.490,49.990,5% OFF,4.6,20
Viaje y Paseo,63.750,85.000,25% OFF,5.0,2
Viaje y Paseo,15.900,,,4.3,4
Viaje y Paseo,69.919,75.999,8% OFF,4.8,18
Viaje y Paseo,20.680,23.500,12% OFF,4.6,30
Viaje y Paseo,35.447,47.263,25% OFF,4.5,436
Viaje y Paseo,69.990,,,3.8,8
Viaje y Paseo,79.900,,,4.5,37
Viaje y Paseo,30.400,32.000,5% OFF,4.0,30
Viaje y Paseo,30.000,,,4.6,504
Viaje y Paseo,32.900,36.900,10% OFF,3.7,43
Viaje y Paseo,75.900,,,4.1,11
Viaje y Paseo,59.900,,,4.4,26
Viaje y Paseo,24.900,,,4.0,43
Viaje y Paseo,17.990,,,4.8,29
Viaje y Paseo,11.750,,,4.3,29
Viaje y Paseo,29.149,52.999,45% OFF,4.6,58
Viaje y Paseo,45.000,,,4.7,37
Viaje y Paseo,23.900,,,3.3,11
Viaje y Paseo,15.000,16.667,10% OFF,4.8,5
Viaje y Paseo,45.000,,,5.0,5
Viaje y Paseo,189.900,,,5.0,1
Viaje y Paseo,60.000,,,4.0,1
Viaje y Paseo,59.199,79.999,26% OFF,4.5,20
Viaje y Paseo,76.499,89.999,15% OFF,4.3,30
Viaje y Paseo,20.680,23.500,12% OFF,4.6,30
Viaje y Paseo,153.923,199.900,23% OFF,4.9,43
Viaje y Paseo,25.900,,,4.7,49
Viaje y Paseo,19.900,,,4.5,8
Viaje y Paseo,31.750,,,2.8,5
Viaje y Paseo,38.935,59.900,35% OFF,4.7,11
Viaje y Paseo,139.900,,,3.9,13
Viaje y Paseo,100.000,,,4.7,72
Viaje y Paseo,14.900,,,5.0,8
Viaje y Paseo,250.000,,,4.9,36
Viaje y Paseo,39.000,,,4.9,62
Viaje y Paseo,15.050,,,5.0,6
Viaje y Paseo,30.400,32.000,5% OFF,4.0,30
Viaje y Paseo,47.490,49.990,5% OFF,4.6,20
Viaje y Paseo,63.750,85.000,25% OFF,5.0,2
Viaje y Paseo,24.050,,,4.7,9
Viaje y Paseo,42.500,,,4.7,46
Viaje y Paseo,20.680,23.500,12% OFF,4.6,30
Viaje y Paseo,35.447,47.263,25% OFF,4.5,436
Viaje y Paseo,15.000,,,4.8,103
Viaje y Paseo,32.777,,,4.6,21
Viaje y Paseo,34.900,,,4.8,257
Viaje y Paseo,30.400,32.000,5% OFF,4.0,30
Viaje y Paseo,8.797,9.775,10% OFF,4.0,22
Viaje y Paseo,28.500,,,2.3,3
Viaje y Paseo,159.920,199.900,20% OFF,4.5,2
Viaje y Paseo,31.799,52.999,40% OFF,4.5,57
Viaje y Paseo,25.900,,,4.7,49
Viaje y Paseo,43.777,,,4.9,35
Viaje y Paseo,34.190,35.990,5% OFF,4.8,10
Viaje y Paseo,130.000,,,4.7,29
Viaje y Paseo,29.900,,,4.0,10
Viaje y Paseo,130.000,,,4.7,29
Viaje y Paseo,40.000,,,4.8,15
Viaje y Paseo,59.900,,,4.4,34
Viaje y Paseo,69.900,,,4.9,11
Viaje y Paseo,19.793,29.990,34% OFF,4.2,13
Viaje y Paseo,16.999,,,4.3,7
Viaje y Paseo,19.800,,,4.6,5
Viaje y Paseo,170.000,,,4.6,85
Viaje y Paseo,29.750,35.000,15% OFF,4.5,6
Viaje y Paseo,33.077,,,5.0,1
Viaje y Paseo,48.900,,,4.3,48
Viaje y Paseo,29.953,38.900,23% OFF,5.0,2
Viaje y Paseo,29.950,,,4.0,18
Viaje y Paseo,20.900,22.000,5% OFF,4.7,115
Viaje y Paseo,25.900,,,4.7,49
Viaje y Paseo,36.575,38.500,5% OFF,4.8,6
Viaje y Paseo,48.990,,,3.8,12
Viaje y Paseo,59.900,,,4.6,22
Viaje y Paseo,88.900,,,3.9,23
Viaje y Paseo,49.450,115.000,57% OFF,4.8,138
Viaje y Paseo,47.490,49.990,5% OFF,4.6,20
Viaje y Paseo,39.000,,,4.9,62
Viaje y Paseo,96.000,,,4.3,3
Viaje y Paseo,63.800,,,4.8,39
Viaje y Paseo,20.680,23.500,12% OFF,4.6,30
Viaje y Paseo,63.750,85.000,25% OFF,5.0,2
Viaje y Paseo,195.000,,,5.0,1
Viaje y Paseo,17.990,,,4.7,12
Viaje y Paseo,35.447,47.263,25% OFF,4.5,436
Viaje y Paseo,34.900,,,4.8,257
Viaje y Paseo,44.910,49.900,10% OFF,5.0,1
Viaje y Paseo,15.000,,,5.0,2
Viaje y Paseo,819.900,,,5.0,1
Viaje y Paseo,30.000,,,4.6,504
Viaje y Paseo,30.400,32.000,5% OFF,4.0,30
Viaje y Paseo,182.000,,,4.3,4
Viaje y Paseo,42.900,,,4.0,91
Viaje y Paseo,13.771,15.302,10% OFF,4.3,3
Viaje y Paseo,108.000,,,4.5,41
Viaje y Paseo,29.990,,,4.7,9
Viaje y Paseo,35.340,58.900,40% OFF,4.7,3
Viaje y Paseo,65.990,,,4.3,13
Viaje y Paseo,45.288,62.900,28% OFF,4.7,174
Viaje y Paseo,67.550,,,4.6,75
Viaje y Paseo,37.499,49.999,25% OFF,4.5,39
Viaje y Paseo,65.900,,,4.7,12
Viaje y Paseo,12.050,,,4.6,5
Viaje y Paseo,23.900,,,4.6,20
Viaje y Paseo,55.777,,,4.8,14
Viaje y Paseo,44.910,49.900,10% OFF,4.0,19
Viaje y Paseo,58.435,89.900,35% OFF,4.5,2
Viaje y Paseo,40.000,,,5.0,11
Viaje y Paseo,16.900,,,4.8,24
Viaje y Paseo,45.900,,,4.4,108
Viaje y Paseo,74.733,85.900,13% OFF,4.6,21
Viaje y Paseo,39.000,,,4.9,62
Viaje y Paseo,47.490,49.990,5% OFF,4.6,20
Viaje y Paseo,79.900,,,5.0,11
Viaje y Paseo,63.750,85.000,25% OFF,5.0,2
Viaje y Paseo,20.680,23.500,12% OFF,4.6,30
Viaje y Paseo,20.000,,,4.4,21
Viaje y Paseo,95.000,100.000,5% OFF,4.9,36
Viaje y Paseo,35.447,47.263,25% OFF,4.5,436
Viaje y Paseo,34.900,,,4.8,257
Viaje y Paseo,32.484,52.395,38% OFF,4.6,8
Viaje y Paseo,30.400,32.000,5% OFF,4.0,30
Viaje y Paseo,30.000,,,4.6,504
Viaje y Paseo,38.430,54.900,30% OFF,4.9,41
Viaje y Paseo,19.500,,,4.9,116
Viaje y Paseo,35.447,47.263,25% OFF,4.5,436
Viaje y Paseo,24.900,,,4.9,80
Viaje y Paseo,70.512,79.900,11% OFF,5.0,1
Viaje y Paseo,19.500,,,4.8,46
Viaje y Paseo,25.900,,,4.7,49
Viaje y Paseo,25.900,,,4.7,49
Viaje y Paseo,319.000,,,4.9,196
Viaje y Paseo,70.000,,,4.6,11
Viaje y Paseo,98.910,109.900,10% OFF,5.0,2
Viaje y Paseo,26.081,,,4.0,1
Viaje y Paseo,49.900,,,4.4,23
Viaje y Paseo,28.405,29.900,5% OFF,4.8,17
Viaje y Paseo,29.900,,,4.3,4
Viaje y Paseo,17.400,,,4.2,6
Viaje y Paseo,52.500,87.500,40% OFF,4.9,7
Viaje y Paseo,28.656,39.800,28% OFF,5.0,3
Viaje y Paseo,44.990,,,4.7,71
Viaje y Paseo,47.490,49.990,5% OFF,4.4,29
Viaje y Paseo,23.655,24.900,5% OFF,4.8,12
Viaje y Paseo,39.000,,,4.9,62
Viaje y Paseo,47.490,49.990,5% OFF,4.6,20
Viaje y Paseo,59.900,,,5.0,2
Viaje y Paseo,59.000,,,4.7,11
Viaje y Paseo,63.750,85.000,25% OFF,5.0,2
Viaje y Paseo,20.680,23.500,12% OFF,4.6,30
Viaje y Paseo,53.000,,,4.4,13
Viaje y Paseo,35.447,47.263,25% OFF,4.5,436
Viaje y Paseo,30.000,,,4.6,504
Viaje y Paseo,39.425,,,4.6,36
Viaje y Paseo,30.400,32.000,5% OFF,4.0,30
Viaje y Paseo,23.920,29.900,20% OFF,4.4,5
Viaje y Paseo,61.000,,,4.5,10
Viaje y Paseo,18.000,,,4.6,5
Viaje y Paseo,50.000,,,4.8,5
Viaje y Paseo,34.990,,,4.3,16
Viaje y Paseo,130.000,,,4.6,17
Viaje y Paseo,56.905,59.900,5% OFF,4.6,69
Viaje y Paseo,282.500,,,5.0,3
Viaje y Paseo,19.900,,,4.9,28
Viaje y Paseo,60.001,,,4.6,48
Viaje y Paseo,224.910,249.900,10% OFF,4.6,17
Viaje y Paseo,130.000,,,5.0,5
Viaje y Paseo,45.900,,,4.6,34
Viaje y Paseo,32.900,,,5.0,2
Viaje y Paseo,68.000,,,4.3,8
Viaje y Paseo,63.750,85.000,25% OFF,5.0,2
Viaje y Paseo,46.900,,,4.6,61
Viaje y Paseo,30.000,,,4.6,504
Viaje y Paseo,28.490,29.990,5% OFF,4.7,7
Viaje y Paseo,27.900,,,3.6,18
Viaje y Paseo,269.000,,,4.7,21
Viaje y Paseo,26.500,,,4.9,30
Viaje y Paseo,17.940,29.900,40% OFF,4.9,23
Viaje y Paseo,50.825,,,4.6,81
Viaje y Paseo,25.000,,,4.7,35
Viaje y Paseo,27.000,,,4.5,84
Viaje y Paseo,218.000,,,4.4,21
Viaje y Paseo,14.875,,,5.0,1
Viaje y Paseo,18.000,,,4.7,29
Viaje y Paseo,130.900,,,5.0,1
Viaje y Paseo,39.000,,,4.9,62
Viaje y Paseo,47.490,49.990,5% OFF,4.6,20
Viaje y Paseo,27.990,,,5.0,44
Viaje y Paseo,55.900,,,4.7,13
Viaje y Paseo,63.750,85.000,25% OFF,5.0,2
Viaje y Paseo,20.680,23.500,12% OFF,4.6,30
Viaje y Paseo,59.200,,,4.8,20
Viaje y Paseo,10.000,,,4.6,7
Viaje y Paseo,44.400,60.000,26% OFF,5.0,4
Viaje y Paseo,35.447,47.263,25% OFF,4.5,436
Viaje y Paseo,30.400,32.000,5% OFF,4.0,30
Viaje y Paseo,43.191,47.990,10% OFF,3.7,3
Viaje y Paseo,39.900,,,4.7,23
Viaje y Paseo,30.000,,,4.6,504
Viaje y Paseo,23.920,29.900,20% OFF,4.4,5
Viaje y Paseo,83.000,,,4.6,46
Viaje y Paseo,18.049,18.999,5% OFF,4.7,21
Viaje y Paseo,29.900,,,4.2,9
Viaje y Paseo,19.900,,,4.4,121
Viaje y Paseo,15.968,,,5.0,2
Viaje y Paseo,41.325,43.500,5% OFF,4.7,3
Viaje y Paseo,88.720,110.900,20% OFF,4.8,10
Viaje y Paseo,57.000,,,4.6,17
Viaje y Paseo,48.990,,,4.6,5
Viaje y Paseo,64.706,,,4.0,7
Viaje y Paseo,44.700,,,4.6,307
Viaje y Paseo,39.900,,,4.5,16
Viaje y Paseo,58.329,,,4.7,40
Viaje y Paseo,59.900,,,4.9,29
Viaje y Paseo,39.900,,,5.0,2
Viaje y Paseo,271.443,,,4.9,58
Viaje y Paseo,20.000,,,5.0,5
Viaje y Paseo,35.900,,,4.7,35
Viaje y Paseo,47.490,49.990,5% OFF,4.6,20
Viaje y Paseo,29.900,,,4.7,33
Viaje y Paseo,34.105,35.900,5% OFF,4.0,1
Viaje y Paseo,26.000,,,4.0,1
Viaje y Paseo,23.920,29.900,20% OFF,4.4,5
Viaje y Paseo,19.435,29.900,35% OFF,4.0,1
Viaje y Paseo,52.155,54.900,5% OFF,4.3,41
Viaje y Paseo,93.100,98.000,5% OFF,4.0,1
Viaje y Paseo,39.000,,,4.9,62
Viaje y Paseo,63.750,85.000,25% OFF,5.0,2
Viaje y Paseo,14.900,,,5.0,1
Viaje y Paseo,39.900,,,4.6,20
Viaje y Paseo,47.490,49.990,5% OFF,4.6,20
Viaje y Paseo,35.447,47.263,25% OFF,4.5,436
Viaje y Paseo,20.775,,,5.0,2
Viaje y Paseo,25.900,,,4.7,49
Viaje y Paseo,30.000,,,4.6,504
Viaje y Paseo,30.400,32.000,5% OFF,4.0,30
Viaje y Paseo,13.750,25.000,45% OFF,4.5,4
Viaje y Paseo,370.500,390.000,5% OFF,4.6,17
Viaje y Paseo,14.900,,,5.0,1
Viaje y Paseo,23.920,29.900,20% OFF,4.4,5
Viaje y Paseo,19.500,,,4.9,89
Viaje y Paseo,25.900,,,4.7,49
Viaje y Paseo,46.540,48.990,5% OFF,4.0,41
Viaje y Paseo,66.237,,,4.0,2
Viaje y Paseo,19.900,,,4.3,10
Viaje y Paseo,209.000,220.000,5% OFF,5.0,1
Viaje y Paseo,19.900,,,5.0,3
Viaje y Paseo,36.588,40.654,10% OFF,4.5,26
Viaje y Paseo,48.900,,,4.0,1
Viaje y Paseo,49.900,,,4.3,6
Viaje y Paseo,23.900,,,4.8,12
Viaje y Paseo,44.900,,,3.8,23
Viaje y Paseo,50.350,,,4.8,29
Viaje y Paseo,34.900,,,4.4,42
Viaje y Paseo,39.000,,,4.2,5
Viaje y Paseo,47.490,49.990,5% OFF,4.4,46
Viaje y Paseo,29.900,,,5.0,1
Viaje y Paseo,22.800,,,5.0,1
Viaje y Paseo,40.000,,,5.0,1
Viaje y Paseo,45.000,,,3.7,3
Viaje y Paseo,276.900,,,5.0,2
Viaje y Paseo,47.490,49.990,5% OFF,4.6,20
Viaje y Paseo,39.000,,,4.9,62
Viaje y Paseo,63.750,85.000,25% OFF,5.0,2
Viaje y Paseo,35.447,47.263,25% OFF,4.5,436
Viaje y Paseo,30.000,,,4.6,504
Viaje y Paseo,23.920,29.900,20% OFF,4.4,5
Viaje y Paseo,84.000,,,4.8,10
Viaje y Paseo,49.900,,,4.3,6
Viaje y Paseo,62.000,,,4.0,15
Viaje y Paseo,70.000,,,4.5,6
Viaje y Paseo,41.057,,,4.5,24
Viaje y Paseo,34.000,,,4.9,23
Viaje y Paseo,62.000,,,4.0,15
Viaje y Paseo,44.900,,,4.8,9
Viaje y Paseo,21.900,,,4.9,94
Viaje y Paseo,27.000,31.000,12% OFF,4.7,40
Viaje y Paseo,39.000,,,4.9,62
Viaje y Paseo,17.400,,,4.8,12
Viaje y Paseo,11.400,,,5.0,2
Viaje y Paseo,51.360,,,4.7,46
Viaje y Paseo,27.990,,,4.2,5
Viaje y Paseo,44.100,49.000,10% OFF,5.0,1
Viaje y Paseo,17.777,,,5.0,2
Viaje y Paseo,158.000,,,3.8,4
Viaje y Paseo,166.937,,,5.0,1
Viaje y Paseo,122.860,144.573,15% OFF,5.0,1
Viaje y Paseo,950.000,,,5.0,21
Viaje y Paseo,170.000,,,4.6,57
Viaje y Paseo,35.000,,,4.8,6
Viaje y Paseo,24.900,,,4.9,170
Viaje y Paseo,46.195,,,4.8,6
Viaje y Paseo,29.900,,,4.8,175
Viaje y Paseo,151.000,,,4.5,16
Camas y Casas,359.910,399.900,10% OFF,5.0,8
Camas y Casas,159.900,,,4.9,80
Camas y Casas,42.447,80.413,47% OFF,5.0,1
Camas y Casas,179.900,,,4.8,47
Camas y Casas,54.994,,,5.0,1
Camas y Casas,38.781,,,4.0,1
Camas y Casas,124.900,,,4.9,51
Camas y Casas,21.142,,,4.7,3
Camas y Casas,59.900,,,4.8,8
Camas y Casas,86.200,,,5.0,5
Camas y Casas,149.990,,,5.0,1
Camas y Casas,149.900,,,4.9,34
Camas y Casas,119.900,,,4.9,46
Camas y Casas,184.900,,,4.8,26
Camas y Casas,229.900,,,4.8,12
Camas y Casas,159.900,,,4.9,13
Camas y Casas,189.900,,,4.9,30
Camas y Casas,197.910,219.900,10% OFF,4.9,75
Camas y Casas,197.910,219.900,10% OFF,4.9,75
Camas y Casas,90.000,,,5.0,4
Camas y Casas,47.490,,,4.3,6
Camas y Casas,259.900,,,5.0,2
Camas y Casas,99.990,111.100,10% OFF,5.0,1
Camas y Casas,119.900,,,4.8,15
Camas y Casas,234.900,,,4.7,6
Camas y Casas,210.000,,,4.8,6
Camas y Casas,29.574,,,5.0,1
Camas y Casas,38.088,42.325,10% OFF,5.0,1
Camas y Casas,26.804,,,5.0,1
Camas y Casas,47.539,,,5.0,1
Camas y Casas,249.900,,,4.8,6
