asin,title,price,rating,reviews,sales
B0DS85Q568,"NEENCE Toallitas para los dedos de los oídos para perros y gatos, toallitas limpiadoras de oídos para perros, toallitas desodorizantes para el cuidado de los oídos para gatos y perros, elimina",11.99,4.6,162,300+ comprados el mes pasado
B0DX1R37GZ,"Dispositivos de disuasión de ladridos para perros propios o vecinos, ultrasónico, para entrenamiento de perros seguro y eficaz, antiladridos, portátil, uso en interiores y exteriores, naranja",29.99,4.5,"2,576",40 K+ comprados el mes pasado
B0DQBLSFY8,"Veken Fuente de agua de acero inoxidable para gatos, regalos para papá, fuente automática para mascotas de 95 onzas / 2.8 L con 3 filtros de repuesto y 3 esponjas de prefiltro y alfombrilla de",32.99,4.3,"8,760",20 K+ comprados el mes pasado
B0DZYZ18GP,"Pet MD Toallitas para los dedos de los oídos para perros, cobertura extra y diseño grande, con eucalipto y aloe vera para perros, toallitas de limpieza de oídos para mascotas y limpiador de oídos para",18.99,4.6,"60,367",8 K+ comprados el mes pasado
B0DXF5JLCK,"Polvo de limpieza de dientes de perro, polvo dental para perros y gatos, placa de limpieza de dientes de mascotas, removedor de sarro y mal aliento para perros, limpieza de dientes de perro con",21.99,4.6,279,8 K+ comprados el mes pasado
B0DWDGWDFY,"Pretty Litter Health Monitoring - Arena para gatos, arena de cristal no aglomerante, (6 libras (paquete de 2), sin perfume)",48.98,4.3,544,5 K+ comprados el mes pasado
B0DSFNMG93,"Fuente de agua para gatos de acero inoxidable: fuentes para mascotas para gatos/perros Tazones de agua automáticos para interiores para beber Dispensador de agua para animales pequeños, grifo de riego",19.99,4.5,277,4 K+ comprados el mes pasado
B0DSPXTKS6,"60 almohadillas extra grandes para orina de perro de 28 x 34 pulgadas, superabsorbentes, almohadillas desechables para entrenamiento de perros, almohadillas de secado rápido a prueba de fugas para",24.99,4.7,165,3 K+ comprados el mes pasado
B0DWSBWNZY,"Collar antiladridos inteligente para perros, collar antiladridos automático para perros pequeños de 5 a 15 libras, medianos y grandes, antiladridos con pitido, vibración y 7 sensibilidad ajustable",33.99,4.7,609,6 K+ comprados el mes pasado
B0F8V9Q8QM,"Paquete de 2 silbatos para perros, silbato para perro para dejar de ladrar a los vecinos, silbato ultrasónico ajustable silencioso para perro, silbatos de entrenamiento profesional para perros",9.99,4.8,68,
B0F2FB4JVY,"100 almohadillas grandes para perros y cachorros, almohadillas absorbentes de entrenamiento para orinal de 28 x 30 pulgadas, almohadillas desechables de secado rápido a prueba de fugas para cachorros",29.99,4.5,725,
B0DSPSFD43,"Collar de choque para perros, collar de entrenamiento para perros de 3300 pies con control remoto, IPX7, impermeable, recargable, elegante, moderno, collar de choque para perros pequeños, medianos y",34.99,4.7,242,2 K+ comprados el mes pasado
B0DRFHH1LX,"Collar de choque para perros con control remoto – Collar de entrenamiento recargable para perros, IPX7 impermeable E collar para perros con 4 modos seguros de linterna, pitido de vibración, choque",23.99,4.5,326,3 K+ comprados el mes pasado
B0F2DY53GY,"Spray disuasorio mejorado para gatos, repelente natural seguro para gatos en interiores y exteriores, eficaz ayuda de entrenamiento disuasorio de arañazos para gatos, muebles, sofás",19.99,4.8,128,1 K+ comprados el mes pasado
B0DXPWR165,"Dispositivo disuasorio de ladridos de perro, dispositivos ultrasónicos antiladridos con 3 emisores sónicos, alcance de hasta 50 pies de largo y control de ladridos recargable, seguro para el",29.99,4.2,593,2 K+ comprados el mes pasado
B0DSKXNM6J,"Jugbow Collar de entrenamiento para perros, collar de perro remoto de 4200 pies con 3 modos de entrenamiento, collar eléctrico con luz LED e impermeable IPX8, collar electrónico recargable para perros",49.99,4.5,431,2 K+ comprados el mes pasado
B0F1DPC3C2,"Difusor calmante de feromonas para gatos: difusor de feromonas prémium para gatos, difusor de feromonas para gatos, difusor calmante para gatos, difusor de feromonas calmante para gatos",24.97,4.5,383,
B0DP51K8S8,"Juguete interactivo del dispensador de la golosina del perro, alimentador lento",17.99,4.5,260,3 K+ comprados el mes pasado
B0DQL16JNJ,"Tazón de agua para perros de 6.5 L, sin derrames, 1.6 galones, tazón de agua de acero inoxidable para perros, gran capacidad, sin salpicaduras, comedero lento con alfombrilla antideslizante para",36.99,4.7,396,2 K+ comprados el mes pasado
B0DZ1V7BBG,"Difusor calmante de feromonas para perros 4 en 1, kit de difusor de feromonas para mascotas (enchufe + paquete de 3 repuestos de 1.6 fl oz) para aliviar la ansiedad, reducir los ladridos, la agresión",22.99,4.5,74,2 K+ comprados el mes pasado
B0F3DGL2RN,"Collar antiladridos para perros grandes, medianos y pequeños, collar inteligente para ladridos, eficaz sin ladridos con modos ajustables de corrección de vibración de pitido, dispositivo antiladridos",35.99,4.8,143,1 K+ comprados el mes pasado
B0DR8XHSW3,"TIMINGILA Papelera giratoria y rastrillo de 36 pulgadas con 100 bolsas para excrementos de perro, mango largo ajustable para limpieza sin doblez, recogedor portátil no rompible para perros grandes,",19.18,4.3,129,3 K+ comprados el mes pasado
B0DWSWLFR2,"Smart AI - Collar antiladridos para perros grandes, medianos y pequeños, dispositivo antiladridos con 5 modos de entrenamiento, exclusivo collar de ladrido forzado, collar de ladrido recargable",39.99,4.9,247,2 K+ comprados el mes pasado
B0F19ZT36X,WOOF Party Pupsicle - Juguetes interactivos de larga duración para perros para el aburrimiento - Diseño de bajo desorden - Regalos de cumpleaños para perros - Juguetes grandes para perros - Fiesta,19.99,4.6,166,2 K+ comprados el mes pasado
B0DXK2GMF7,"Collar de entrenamiento para perros, collar de choque para perros con control remoto para perros medianos y grandes de 40 a 120 libras, collar de choque impermeable IP68 para perros con vibración de",24.99,4.9,60,
B0DQ1556BW,"Potaroma Fuente de agua inteligente inalámbrica para mascotas, sin filtro, gran capacidad de 3.5 litros, dispensador de agua automático recargable para gatos y perros pequeños, separación de aguas",49.99,4.3,208,1 K+ comprados el mes pasado
B0DPWSD9RG,"Saffory - Cortadora de patas de perro, recortadora de garras para mascotas con luz LED, cortadora de mascotas recargable por USB de bajo ruido. Adecuado para perros y gatos, para recortar el pelo",19.99,4.3,102,2 K+ comprados el mes pasado
B0DQTDMF11,"PetDroid Juguetes interactivos para perros, [2025 recientemente actualizados] Juguetes de bola rodante automática activados por movimiento duradero para perros pequeños/medianos/medianos, recargable",25.00,3.8,"11,632",2 K+ comprados el mes pasado
B0F1N5Z7FK,"Toallitas para ojos de perro, removedor de manchas de lágrimas de ángel para todos los perros y gatos, toallitas hipoalergénicas y desodorizantes para perros, toallitas limpiadoras de ojos de mascotas",13.99,4.8,128,1 K+ comprados el mes pasado
B0DSL7SMHL,"Juguetes interactivos para perros, pelota móvil para perros con activación táctil, bola rodante activa para cachorros y perros medianos, chirriante, recargable por USB",18.98,4.1,210,2 K+ comprados el mes pasado
B0DVZKTX64,WOOF Mezcla de marionetas para perros – Recambios de marionetas fáciles de hacer – Mezcla de marionetas sabrosa y saludable – Ingredientes saludables – Larga duración – Mezcla calmante,19.99,4.6,179,2 K+ comprados el mes pasado
B0DP6R2PDG,"Aspiradora de aseo para perros, kit de aseo para mascotas, cortadora de uñas para perros, taza de polvo de 2.5 L, 7 herramientas de aseo de 11000 Pa, aspiradora de perro para pelar el aseo, aspiradora",69.99,4.5,706,2 K+ comprados el mes pasado
B0DRTXHSDY,"Tazón para perros de alimentación lenta, tercera generación mejorada, cuenco de comida súper firme (cortable) para razas grandes y medianas y pequeñas, compatible con cuenco de vidrio de metal elevado",5.99,4.4,220,2 K+ comprados el mes pasado
B0DX8LW4TQ,"Difusor calmante de feromonas para gatos: difusor de feromonas prémium para gatos, difusor de feromonas para gatos, difusor calmante para gatos, difusor de feromonas calmante para gatos",24.97,4.3,383,2 K+ comprados el mes pasado
B0F1Q24MW1,"Prevención de pulgas y garrapatas para perros, collar antipulgas, 2 unidades, ajustable",37.99,4.9,403,900+ comprados el mes pasado
B0DRCY4PY4,"4 collares de gato separables con estrellas de luna de campana, collar de gatito ajustable con brillo colgante, lindo collar de gatito para niñas y niños, gatos, regalos para mascotas,",5.97,4.5,87,1 K+ comprados el mes pasado
B0DLZQ322K,"Jugbow Collar de choque para perro, collar de entrenamiento para perros de 4200 pies con control remoto, innovador IPX7, impermeable, con 4 modos de entrenamiento, collar electrónico recargable para",54.99,4.2,"9,216",1 K+ comprados el mes pasado
B0DXZ38LMC,"Peine para gatos, peine para perros, herramienta de eliminación de pelo de mascotas, peine de pulgas para gatos y piojos de perro, cepillo para gatos con botón de liberación autolimpiante con dientes",8.99,4.2,109,1 K+ comprados el mes pasado
B0F63ZJ1BM,"IRIS USA - Paquete de 2 cajas de arena grandes para gatos con escudo de dispersión y cuchara, bandeja de arena para gatos con parte superior abierta de alta cara, color negro",29.99,4.4,"33,785",1 K+ comprados el mes pasado
B0DYNSJHTX,"Veken Filtros de fuente de agua para gatos, paquete de 12 filtros de repuesto y 12 esponjas de repuesto para dispensador automático de agua para perros de 67 onzas, 95 onzas, 135 onzas",21.99,4.7,"12,218",1 K+ comprados el mes pasado
B0DT4VQK2L,"Collar de choque para perros ultra pequeño, ultraligero y delgado, con control remoto de 1300 pies, diseñado para perros pequeños de 5 a 15 libras y perros medianos, control preciso de 198 niveles,",34.99,4.3,325,2 K+ comprados el mes pasado
B0DQXR4FJN,Dispositivo disuasorio de ladridos de perro 2025 – Dispositivos de control de ladridos para perros que detienen el mal comportamiento – Silbato ultrasónico recargable para mascotas para dejar de,29.99,4.9,91,
B0DZ6PYGKS,"Collar antiladridos para perro, paquete de 2, collar antiladridos para perros grandes, medianos y pequeños, collar inteligente recargable, collar de entrenamiento antiladridos con sensibilidad",39.99,4.8,127,1 K+ comprados el mes pasado
B0DRK58N73,"PETLIBRO Comedero automático para gatos con cuenco de acero inoxidable, refrigerado para gatos con refrigeración semiconductora, 3 comidas frescas durante 3 días, dispensador de alimentos para",149.99,4.4,"2,211",1 K+ comprados el mes pasado
B0F37FNFNW,"Corralito para perros de 42 x 42 pulgadas, corralito para cachorros con puerta para cachorros, gatos, perros pequeños y medianos, corralito para mascotas con techo para exteriores e interiores",39.99,3.9,142,1 K+ comprados el mes pasado
B0DZWYLTB4,"Cono suave para perros después de la cirugía, collar de recuperación transpirable para perros grandes y medianos, collar ajustable con cono de perro, collar isabelino (L, negro)",18.80,4.5,110,1 K+ comprados el mes pasado
B0DZMJGNVZ,"Collar calmante para perros, paquete de 4 unidades, collar de feromona, alivia la ansiedad y la separación del estrés, dura 60 días, 25 pulgadas flexible ajustable, gris, para perros",17.99,4.6,75,1 K+ comprados el mes pasado
B0DR8C9JL8,"Collar natural para pulgas y garrapatas para perros, paquete de 4, 8 meses de protección de larga duración, impermeable, tamaño ajustable para perros pequeños, medianos y grandes",35.99,4.6,102,1 K+ comprados el mes pasado
B0DW4CWJ54,"Pelota interactiva de juguetes para gatos de interior, [2025 recientemente actualizada] Bola de gato ágil en movimiento con cola de malla elástica, juguetes automáticos para gatos adultos",20.99,4.5,190,1 K+ comprados el mes pasado
B0DNKHR5PW,"Ingenuity Doorway - Puerta para perros y bebés serie 42W, para interiores y exteriores, no se oxida ni se decolora, se adapta a aberturas de 23-42 pulgadas, 24 pulgadas de alto",19.99,3.8,424,1 K+ comprados el mes pasado
B0DRV3NR1F,Fuente de agua para gatos en interior: fuentes para gatos de 80 oz/2.4 L para beber - Cuencos silenciosos para regar mascotas para gatos en el interior - Suministros de agua para gatitos negros - para,16.99,4.4,259,1 K+ comprados el mes pasado
B0DQL3Q6YN,"Tapete grande de 34 x 22 pulgadas para caja de arena para gatos, almohadilla de silicona impermeable para el suelo, gris oscuro",22.99,4.5,79,1 K+ comprados el mes pasado
B0DZS2J4MR,"Difusor de feromonas calmantes para perros 6 en 1, kit de difusor de feromonas apaciguador para calmar (2 enchufes+4 paquetes de 1.6 fl oz de repuesto) para aliviar la ansiedad, reducir la agresión",38.99,4.5,35,1 K+ comprados el mes pasado
B0F4XT2FR6,"Collar de choque de perro 2 en 1 y collar de ladrido de perro, collar de entrenamiento de perro de 4200 pies con control remoto, 3 modos de entrenamiento y luz para paseos nocturnos, IP67 impermeable",47.49,4.8,64,
B0DRVCHPPM,"Extensor de asiento trasero para perros, funda de asiento de coche de fondo duro para perros con ventana de malla, funda impermeable para asiento trasero para mascotas, parte inferior dura,",35.99,4.6,87,1 K+ comprados el mes pasado
B0F14B8WWM,WORLD'S BEST CAT LITTER® BoostersTM Good HabitsTM | Aditivo natural y sostenible para arena para gatos | Atrae a tu gato a la caja de arena y ayuda a evitar accidentes | Atractivo a base de plantas |,15.55,3.8,38,1 K+ comprados el mes pasado
B0DRP4TQQB,"MeoWant Caja de arena para gatos autolimpiante, caja de arena automática para gatos con protección de seguridad, control de aplicación, sin olor, gran espacio de 75 litros para múltiples gatos",269.99,4.3,164,1 K+ comprados el mes pasado
B0DR5N6LHT,Litter Genie Cubo de platino hecho de acero inoxidable duradero que incluye 1 rollo de recarga fácil,51.83,4.6,"2,708",1 K+ comprados el mes pasado
B0DZCJ4QNX,"Green Dog Poo Bags - 120 bolsas grandes biodegradables para excrementos, extra gruesas, fuertes, mezcladas, compostables, a prueba de fugas, bolsa de residuos para perros",5.99,4.4,34,800+ comprados el mes pasado
B0DRYSH2CW,"Caja de arena de acero inoxidable con tapa, bandeja de arena extragrande para gatos abatible de 135°, caja de arena de metal cerrada con pala de arena y pedal de filtro, antifugas, sin olor",69.98,4.5,123,1 K+ comprados el mes pasado
B0F8ZFWKPF,"Aerosol de entrenamiento para perros para entrenamiento de orinal para cachorros, aborda los hábitos de eliminación inapropiados caninos | Métodos probados para entornos interiores y exteriores, 3.51",15.99,4.8,16,
B0DPF4XM5D,Almohadillas para orina de perro extra grandes 30 x 36 pulgadas (50 unidades),29.85,4.5,304,1 K+ comprados el mes pasado
B0DRJXG373,"Poste rascador para gatos de 35 pulgadas de alto con cuerda de sisal, postes rascadores para gatos de interior y adultos con juguete para gatos y pelota interactiva para gatitos, adultos, gatos",34.99,4.9,46,1 K+ comprados el mes pasado
B0DV7BR7Q5,"Benebone Wishbone - Juguete duradero para masticadores agresivos, tocino real, fabricado en Estados Unidos, pequeño",8.17,4.5,"101,124",1 K+ comprados el mes pasado
B0DT8H95LD,"Dispositivos antiladridos, 3 modos de caja ultrasónica de ladridos, dispositivos disuasorios de ladridos de perro, tapón de ladridos de perro, dispositivo antiladridos para perros de largo alcance 50",33.99,,,
B0DZ6B35DY,"Bolsas de repuesto prémium para arena para gatos, paquete de 2 unidades jumbo de 28 pies, dura hasta 8 meses, 2 cartuchos para un control superior del olor",21.99,4.5,93,1 K+ comprados el mes pasado
B0DSVXFBGQ,"Fuente de agua de acero inoxidable para gatos, fuente automática de agua para mascotas de 101 oz/3 L, fuente de agua para perros con filtros de repuesto para gatos, perros pequeños (2 filtros",21.73,4.7,156,1 K+ comprados el mes pasado
B0F8MDVP25,"Spray sin masticar para perros, spray de manzana amarga para que los perros dejen de masticar, puede proteger eficazmente la seguridad de muebles, plantas, zapatos, etc., objetos de valor, seguro para",12.99,4.8,50,
B0DYV53414,"Voluas Fuente de agua de acero inoxidable para gatos, fuente de agua inalámbrica para mascotas, funciona con pilas, 108 oz/3.2 L, dispensador de agua automático para perros con bomba silenciosa, fácil",56.99,4.6,532,1 K+ comprados el mes pasado
B0DZY3T8F9,"Purina Tidy Cats Bajo polvo, aglutinante control de olores de arena para gatos, ligera, libre y limpia, sin perfume, arena para múltiples gatos, caja de 12 libras",19.98,4.6,26,1 K+ comprados el mes pasado
B0F8XPFS1P,"Spray disuasorio 100% natural para gatos, evita el marcado y los arañazos de orina, ecológico, seguro para niños, mascotas y muebles, uso en interiores y exteriores, ayuda para entrenamiento de",22.99,5.0,52,
B0DZGPYGKV,"Correa retráctil para perro 2025 de 16,4 pies – Correa retráctil resistente para mascotas con agarre suave antideslizante – Correas reflectantes para perros con protección anti torsión para perros",18.15,4.6,906,1 K+ comprados el mes pasado
B0DSH5SXLJ,"OLANLY Tapete para puerta con patas de perro fangosas, 30 x 20 pulgadas, tapete de felpilla ultra absorbente con diseño de huellas de patas, tapete antideslizante y lavable para entrada en interiores",9.99,4.7,48,1 K+ comprados el mes pasado
B0DYKNXG73,"GORILLA GRIP Tapete de silicona 100 % impermeable con borde elevado sin BPA, para alimentación de mascotas, para perros y gatos, contiene derrames, protege el suelo, manteles individuales para gatos y",8.99,4.6,"29,681",1 K+ comprados el mes pasado
B0DYYJ4DL4,"Paquete de 2 recogedores de excrementos de 33 pulgadas, mango alto XL sin contacto para perros grandes y pequeños, resorte duradero y ligero, recogedor grande para excrementos de perros, resistente",25.99,4.6,169,1 K+ comprados el mes pasado
B0F1N72QX7,"Tiniest - Collar de choque para perro, collar de entrenamiento de perro más ligero con control remoto para perros pequeños de 5 a 15 libras y perros medianos/cachorros, impermeable, recargable, rango",31.99,4.4,"2,343",1 K+ comprados el mes pasado
B0DNQ9LKG6,"Jugbow Collar de choque para perro, collar de entrenamiento para perros de 4200 pies con control remoto para perros grandes, medianos y pequeños, recargable e impermeable IPX8 con pitido (1-3)",35.99,4.2,343,1 K+ comprados el mes pasado
B0DT47H4JJ,"Comedero automático para gatos con alimentación lenta para 2 gatos: alimentador automático WiFi 5G con almacenamiento grande de alimentos de 7 L, dispensador de comida para gatos con Alexa",56.99,4.4,105,1 K+ comprados el mes pasado
B0F132Y1YT,"Jugbow Collar de choque para perro, collar de entrenamiento para perros de 4200 pies con control remoto para perros pequeños, medianos y grandes, collar E impermeable IPX8 con 4 modos de entrenamiento",44.99,4.2,636,1 K+ comprados el mes pasado
B0DTZ4NK2L,"Collar calmante para gatos: soporte de comportamiento con infusión de feromonas, efecto de 30 días de larga duración, ajustable e impermeable, paquete de 4 (X morado)",19.97,3.9,846,1 K+ comprados el mes pasado
B0DP9RV9SS,"Caja de arena automática para gatos, control por aplicación y monitoreo de peso, ultra silenciosa de 86 litros, monitor de salud inteligente, seguro antipellizcos, caja de arena autolimpiante",179.99,4.2,181,1 K+ comprados el mes pasado
B0DNW2G36W,"Fuente de agua inalámbrica para gatos, dispensador automático de agua para mascotas, 4000 mAh, funciona con pilas, 3.2L/108 onzas, fuentes de agua de gran capacidad para gatos y perros",29.99,4.3,71,900+ comprados el mes pasado
B0DXF4GG9S,"Disuasorio para gatos al aire libre, aceite de menta natural para gatos en interiores y exteriores, mantiene a los gatos fuera del césped, patio, jardín, mantillo y flores permanentemente",15.99,3.0,58,1 K+ comprados el mes pasado
B0F5BFBJJZ,"Removedor de verrugas para perros: Eliminación de etiquetas cutáneas para perros de 0.7 fl oz, tratamiento natural de eliminación de verrugas de perro, elimina rápidamente las verrugas de",15.99,4.8,50,1 K+ comprados el mes pasado
B0F5941DCB,"Collar calmante para perros, paquete de 4 collares calmantes de feromonas para perros, alivio de la ansiedad, la separación del estrés dura 60 días, alivia el mal comportamiento, tamaño de 25 pulgadas",19.99,4.4,73,1 K+ comprados el mes pasado
B0F47C9Q2G,"Aerosol de entrenamiento para perros, espray de entrenamiento para cachorros, corrige el mal comportamiento de defecación del perro y te ayuda a entrenar a tu perro para que vaya al baño en el lugar",15.99,4.2,21,1 K+ comprados el mes pasado
B0DNLS2MP3,"Arm & Hammer Aditivo de agua dental para perros, control de sarro | Cuidado dental para perros reduce la placa y la acumulación de sarro sin cepillarse | Inodoro y sin sabor, 16 onzas líquidas -",15.15,4.3,"13,074",1 K+ comprados el mes pasado
B0F127TWW6,"Purina Tidy Cats - Fórmula de control de olores para arena para gatos con bajo polvo, múltiples gatos, ligera Glade Clear Springs, caja de 12 libras",19.98,4.5,"19,471",900+ comprados el mes pasado
B0DSJC2RT9,"Kyouki Bird Toys - Caja de forraje natural para pájaros, cacatúas, conures, pájaros del amor y otros pájaros pequeños a medianos (mediano)",9.99,4.6,54,1 K+ comprados el mes pasado
B0DRJKMFVW,"Decflow Cuenco de agua para perros de acero inoxidable de 10 L, sin derrames, antisalpicaduras con alfombrilla de silicona XXL, alimentador lento a prueba de derrames para bebedores desordenados",49.99,4.4,166,1 K+ comprados el mes pasado
B0DR6ZB775,"Collar de algodón para gatos, paquete de 2 collares de gatos con campanas, para niñas y niños, gatitos, dinosaurio",7.97,4.8,23,800+ comprados el mes pasado
B0DZ5K27GP,"Ohtomber Cuenco de agua grande de acero inoxidable para perros de 1.25 galones, cuenco de metal para agua y comida para perros sin derrames, plato de alimentación al aire libre para gatos, mascotas",13.99,4.7,53,1 K+ comprados el mes pasado
B0DW8J2C5H,"Juguetes interactivos para perros para masticadores agresivos, juguete indestructible para perros de razas grandes/medianas, soporte para golosinas congeladas para mantenerlos ocupados y",11.04,4.6,59,900+ comprados el mes pasado
B0F21HZP9K,"Collar de choque para perros con control remoto, collar de entrenamiento para perros grandes y medianos de 40 a 120 libras, impermeable, collar de choque para perros con bloqueo de seguridad por",24.99,3.7,43,2 K+ comprados el mes pasado
B0F2FKG8T6,"Polvo dental para perros, productos de limpieza de dientes de perro, polvo de limpieza de dientes de perro con probióticos para perros, placa de tratamiento para el mal aliento y sarro para limpieza",10.79,4.6,65,900+ comprados el mes pasado
B0DR8VKDQZ,"Funda de asiento de automóvil para perro, extensor de asiento trasero duro para perros, soporta 400 libras, 600D resistente a los arañazos, impermeable, hamaca para perro, para automóvil, SUV",35.99,4.5,159,1 K+ comprados el mes pasado
B0DXZ38LMC,"Peine para gatos, peine para perros, herramienta de eliminación de pelo de mascotas, peine de pulgas para gatos y piojos de perro, cepillo para gatos con botón de liberación autolimpiante con dientes",8.99,4.2,109,1 K+ comprados el mes pasado
B0F63ZJ1BM,"IRIS USA - Paquete de 2 cajas de arena grandes para gatos con escudo de dispersión y cuchara, bandeja de arena para gatos con parte superior abierta de alta cara, color negro",29.99,4.4,"33,785",1 K+ comprados el mes pasado
B0D9M2TV3S,"SHARLOVY Juguetes para perros sin relleno, chirriantes, masticables de larga duración para perros agresivos y duraderos juguetes masticables para dentición, con 6 capas resistentes para razas pequeñas",23.99,4.2,"9,125",2 K+ comprados el mes pasado
B0DL5JXLQC,"2 pinzas de alimentación de reptiles de acero inoxidable con punta de goma, pinzas largas rectas y curvadas de 10.6 pulgadas para acuario o manualidades, accesorios de recinto de serpientes de",5.59,4.4,233,1 K+ comprados el mes pasado
B0DJXSQWBC,"Juego de recogedor de excrementos de perro, rastrillo de acero inoxidable resistente con bandeja extra grande y pala sin doblez, limpieza para eliminar desechos de mascotas, para hierba,",24.99,4.5,187,1 K+ comprados el mes pasado
B0DYNSJHTX,"Veken Filtros de fuente de agua para gatos, paquete de 12 filtros de repuesto y 12 esponjas de repuesto para dispensador automático de agua para perros de 67 onzas, 95 onzas, 135 onzas",21.99,4.7,"12,218",1 K+ comprados el mes pasado
B0DHZV7VF3,"Tapete de arena para gatos, tapete de arena pequeña de 23.2 x 14.6 pulgadas con doble capa, a prueba de orina y antideslizante, fácil de limpiar, tapete de arena para gatos para piso, control",7.99,4.4,326,1 K+ comprados el mes pasado
B0DBL8BB4K,"Qeils Almohadillas lavables para orina para perros, paquete de 2 almohadillas reutilizables súper absorbentes para cachorros con lana larga verde para entrenamiento de orinal, suelo, sofá, cama y",14.99,4.2,755,1 K+ comprados el mes pasado
B0DT4VQK2L,"Collar de choque para perros ultra pequeño, ultraligero y delgado, con control remoto de 1300 pies, diseñado para perros pequeños de 5 a 15 libras y perros medianos, control preciso de 198 niveles,",34.99,4.3,325,2 K+ comprados el mes pasado
B0DF5GHCMB,"Dispositivos disuasorios de ladridos de perro, dispositivo antiladridos para perros, silenciador de ladridos, silbato de perro de hasta 50 pies, herramienta de entrenamiento de perros para el",19.99,4.1,439,1 K+ comprados el mes pasado
B0DM8Y69MY,"Fuente de agua inalámbrica para gatos: fuente para gatos con pilas, dispensador automático de agua para mascotas de 108 oz/3.2 L, fuentes de agua recargables para gatos en interiores con sensor de",29.99,4.6,535,1 K+ comprados el mes pasado
B0DQXR4FJN,Dispositivo disuasorio de ladridos de perro 2025 – Dispositivos de control de ladridos para perros que detienen el mal comportamiento – Silbato ultrasónico recargable para mascotas para dejar de,29.99,4.9,91,
B0DCG4N75Y,"Potaroma Juguetes de bola de hierba gatera para gatos, 3 piezas con campana, juguetes retráctiles interactivos para gatos, juguetes retráctiles, juego de gatitos, persecución, ejercicio, estimulación",9.98,4.4,337,1 K+ comprados el mes pasado
B0DZ6PYGKS,"Collar antiladridos para perro, paquete de 2, collar antiladridos para perros grandes, medianos y pequeños, collar inteligente recargable, collar de entrenamiento antiladridos con sensibilidad",39.99,4.8,127,1 K+ comprados el mes pasado
B0DMDZWZFW,"PETLIBRO Fuente de agua para gatos, fuente de agua inalámbrica para mascotas, funciona con pilas, fuente de agua Dockstream de 2.5L/84 onzas para gatos en interiores, fuente para gatos con bandeja de",69.99,4.3,"3,369",1 K+ comprados el mes pasado
B0DH4P4RJ7,"hyha - Cobija o funda de sofá impermeable para cama o mueble para perro o mascota, suave, impermeable, reversible y lavable, 30 x 70 pulgadas, gris/gris oscuro",9.09,4.3,294,2 K+ comprados el mes pasado
B0DHVTNDNH,"Toallitas limpiadoras de oídos para perros, tratamiento de infecciones de oído para perros, alivio rápido de la picazón y la inflamación del oído, las toallitas para orejas de gato eliminan",17.99,4.6,335,1 K+ comprados el mes pasado
B0DRK58N73,"PETLIBRO Comedero automático para gatos con cuenco de acero inoxidable, refrigerado para gatos con refrigeración semiconductora, 3 comidas frescas durante 3 días, dispensador de alimentos para",149.99,4.4,"2,211",1 K+ comprados el mes pasado
B0DK4JQ9XD,"Juguetes masticables para perros para masticadores agresivos: juguetes chirriantes para perros grandes, juguetes interactivos resistentes para todas las razas, vientre de goma, juguetes",9.99,4.1,528,1 K+ comprados el mes pasado
B0F37FNFNW,"Corralito para perros de 42 x 42 pulgadas, corralito para cachorros con puerta para cachorros, gatos, perros pequeños y medianos, corralito para mascotas con techo para exteriores e interiores",39.99,3.9,142,1 K+ comprados el mes pasado
B0DZWYLTB4,"Cono suave para perros después de la cirugía, collar de recuperación transpirable para perros grandes y medianos, collar ajustable con cono de perro, collar isabelino (L, negro)",18.80,4.5,110,1 K+ comprados el mes pasado
B0DP6D3TRB,"Paquete de 2 tablas rascadoras para gatos, cartón de 25.6 pulgadas de alto, en forma de L, rascador vertical para gatos de interior, poste rascador para gatos para pared y sofá, tamaño grande",34.42,4.5,85,1 K+ comprados el mes pasado
B0D87G66LZ,"Caja de arena para gatos de acero inoxidable con tapa, caja de arena grande XL para gatos grandes, bandeja de arena cerrada para gatos con lados altos, antifugas y antiadherente, fácil de",49.99,4.7,352,1 K+ comprados el mes pasado
B0DK1TSSDB,"HICC PET Toallitas de limpieza de dientes para perros y gatos, elimina el mal aliento eliminando la placa y la acumulación de sarro, cepillo de dientes de dedo de perro, cepillo de dientes desechable",13.59,4.3,"5,528",1 K+ comprados el mes pasado
B0DZWYLTB4,"Cono suave para perros después de la cirugía, collar de recuperación transpirable para perros grandes y medianos, collar ajustable con cono de perro, collar isabelino (L, negro)",18.80,4.5,110,1 K+ comprados el mes pasado
B0DP6D3TRB,"Paquete de 2 tablas rascadoras para gatos, cartón de 25.6 pulgadas de alto, en forma de L, rascador vertical para gatos de interior, poste rascador para gatos para pared y sofá, tamaño grande",34.42,4.5,85,1 K+ comprados el mes pasado
B0D87G66LZ,"Caja de arena para gatos de acero inoxidable con tapa, caja de arena grande XL para gatos grandes, bandeja de arena cerrada para gatos con lados altos, antifugas y antiadherente, fácil de",49.99,4.7,352,1 K+ comprados el mes pasado
B0DK1TSSDB,"HICC PET Toallitas de limpieza de dientes para perros y gatos, elimina el mal aliento eliminando la placa y la acumulación de sarro, cepillo de dientes de dedo de perro, cepillo de dientes desechable",13.59,4.3,"5,528",1 K+ comprados el mes pasado
B0DCBDR6NX,"Saffory - Cortadora eléctrica de patas con luz LED, impermeable, recargable, de bajo ruido, afeitadora de pelo de mascotas para perros y gatos",21.97,4.4,206,1 K+ comprados el mes pasado
B0DF4RC8CZ,"Caja de arena portátil de viaje para gatos con tapa con cremallera, caja de arena plegable de viaje, sin fugas, sin olor, impermeable, fácil de transportar, fácil de usar en hoteles, automóviles",14.99,4.5,222,1 K+ comprados el mes pasado
B0DHCVB54G,"Cuchara de arena para gatos de acero inoxidable, cuchara de arena de metal para gatos, pala de metal para gatitos, pala de malla resistente, pala para gatos adecuada para caja de arena para",6.19,4.6,181,1 K+ comprados el mes pasado
B0DZMJGNVZ,"Collar calmante para perros, paquete de 4 unidades, collar de feromona, alivia la ansiedad y la separación del estrés, dura 60 días, 25 pulgadas flexible ajustable, gris, para perros",17.99,4.6,75,1 K+ comprados el mes pasado
B0D9GPGTV6,"Molinillo de uñas para perros profesionales, 3 velocidades, eléctrico, silencioso, recortador de uñas recargable para perro, con 2 luces LED / 2 ruedas molinillo de uñas, para pequeño",8.56,4.5,105,1 K+ comprados el mes pasado
B0DR8C9JL8,"Collar natural para pulgas y garrapatas para perros, paquete de 4, 8 meses de protección de larga duración, impermeable, tamaño ajustable para perros pequeños, medianos y grandes",35.99,4.6,102,1 K+ comprados el mes pasado
B0DW4CWJ54,"Pelota interactiva de juguetes para gatos de interior, [2025 recientemente actualizada] Bola de gato ágil en movimiento con cola de malla elástica, juguetes automáticos para gatos adultos",20.99,4.5,190,1 K+ comprados el mes pasado
B0DD6SXZHW,"POOPH® Almohadillas para orinasTM️ para cachorros a personas mayores, enfermas o mascotas domésticas. Absorbe hasta 59 onzas, elimina el olor orgánico en contacto, a prueba de fugas, a prueba de fugas,",29.99,4.2,460,1 K+ comprados el mes pasado
B0DP2RRQK1,"oneisall Recortadora de patas de perro de bajo ruido con luz LED, recortadora de patas para perros, hoja ancha de 0.8 pulgadas/0.787 in, 35 dB, cortadora eléctrica inalámbrica de patas de mascotas",17.99,4.4,112,1 K+ comprados el mes pasado
B0DCNNN5FC,"Comedero automático para gatos con cámara inteligente: vista en vivo HD de 1080P con visión nocturna, alimentador automático 5G para perros con audio bidireccional, desmontable para una",59.99,4.4,271,1 K+ comprados el mes pasado
B0DJZGQ4BJ,"Kit de aseo para perros de 3 piezas, cepillo para despellizar, cepillo de baño y peine para suministros para mascotas (azul negro)",9.98,4.6,231,1 K+ comprados el mes pasado
B0DL3JFNMD,Juguete de tablero rascador de órgano mágico de acordeón para gatos – Kitty Kurlz Ball Scratch Pad Scratcher 1 Pack,9.49,3.2,589,1 K+ comprados el mes pasado
B0DNKHR5PW,"Ingenuity Doorway - Puerta para perros y bebés serie 42W, para interiores y exteriores, no se oxida ni se decolora, se adapta a aberturas de 23-42 pulgadas, 24 pulgadas de alto",19.99,3.8,424,1 K+ comprados el mes pasado
B0DHV5JFP3,Juguetes chirriantes para perros masticadores agresivos – Juguetes para perros grandes – Juguetes masticables para perros para cachorros – Juguetes para perros para mantenerlos ocupados –,15.99,4.1,419,1 K+ comprados el mes pasado
B0DRV3NR1F,Fuente de agua para gatos en interior: fuentes para gatos de 80 oz/2.4 L para beber - Cuencos silenciosos para regar mascotas para gatos en el interior - Suministros de agua para gatitos negros - para,16.99,4.4,259,1 K+ comprados el mes pasado
B0DQL3Q6YN,"Tapete grande de 34 x 22 pulgadas para caja de arena para gatos, almohadilla de silicona impermeable para el suelo, gris oscuro",22.99,4.5,79,1 K+ comprados el mes pasado
B0DZS2J4MR,"Difusor de feromonas calmantes para perros 6 en 1, kit de difusor de feromonas apaciguador para calmar (2 enchufes+4 paquetes de 1.6 fl oz de repuesto) para aliviar la ansiedad, reducir la agresión",38.99,4.5,35,1 K+ comprados el mes pasado
B0DNQ7FGF2,Fuente de agua para perros grandes: 7L/236oz/1.8G fuente para perros de acero inoxidable - Fuente de agua para gatos grandes para interiores - Fuente de agua súper silenciosa para perros en el,36.99,4.6,367,1 K+ comprados el mes pasado
B0DC6MK6N2,"Bozal para perros grandes – Bozal de malla de aire para perros de gran tamaño | Bozales ajustables para perros sin ladridos para barrer, lamer y masticar | Evita morder",7.19,3.9,274,1 K+ comprados el mes pasado
B0F4XT2FR6,"Collar de choque de perro 2 en 1 y collar de ladrido de perro, collar de entrenamiento de perro de 4200 pies con control remoto, 3 modos de entrenamiento y luz para paseos nocturnos, IP67 impermeable",47.49,4.8,64,
