title,price,discount,sold,rating,category
aquario de 120 cm de iluminación del espectro completo de la luz de pescado led led con termómetro y memoria lámpara de crecimiento de la planta ip68,"COP893.319,47",-30%,30 sold,,Peces
ropa para perros de verano al estilo hawaiano camisas para perros de playa de masa de moda camiseta de gato con estampado de coco,"COP22.166,63",-36%,325 sold,4.6,Perros
hamaca para mascotas bolsa de restricción de hamaca para perros de hamaca para uñas,"COP21.487,93",-8%,442 sold,4.8,Perros
acuario oxígeno co2 difusor bomba de aire fish vsidion ayerator oxigenator aire disuelto accesorios de acuario de dispensadores,"COP13.350,84",-25%,62 sold,4.7,Peces
"luz de acuario de tanques de pescado programable con monitor lcd y termómetro para plantas acuáticas, función de memoria de las 24 horas, 24/7, lámpara led de ciclo las 24 horas, 24/7, lámpara led","COP205.729,64",-31%,495 sold,4.8,Peces
acuario de gotas de co2 de vidrio difuso colgada en el indicador del detector del sensor del monitor de co2 indicador para la demanda de pescado tanque de tanque plantado acuático ph,"COP12.505,43",-64%,234 sold,4.8,Peces
bomba de agua de fabricante de ondas para la bomba de pescado de acuarios bomba aeróbica circulación de agua de la bomba de flujo de flujo de la bomba de la bomba de surf de la bomba de surf,"COP48.311,51",-59%,118 sold,4.9,Peces
chaleco de camisa de perros para perros pequeños chihuahua ropa de cachorro tanque camiseta,"COP19.800,02",-63%,132 sold,4.6,Perros
bolsa de cintura para mascotas bolsas de caca al aire libre portátiles bolsas de entrenamiento para perros,"COP28.333,99",-60%,187 sold,4.9,Perros
ropa para perros para perros pequeños camiseta para perros de verano falda para perros blancos vestidos retro retro de cachorro chihuahua bichon ropa,"COP4.195,98",-64%,94 sold,4.8,Perros
bomba de agua sumergible portable usb 8 niveles ajustable 0-400l/h 0-600l/h poba fieba pequeña con lija de liste anterior 0-9.8ft 6.5 pies,"COP70.366,46",-59%,70 sold,4.9,Peces
10/20pcs coloridos arcos para perros pequeños arcos para el cabello de cachorro decorar pequeñas bandas de goma del cabello de perros,"COP3.899,29",-30%,416 sold,4.7,Perros
pequeño medio grande gran impermeables,"COP52.973,92",-59%,35 sold,5.0,Perros
"ropa de mascotas: luz de chaleco para perros y gatos, transpirable, cómodo, simple, generoso, fresco y lindo, adecuado para todas las estaciones","COP10.380,79",-64%,194 sold,4.4,Gatos
3 en 1 purifier de agua silenciosa purifier de bomba interna filtro de acuario sumergible oxígeno purificador de agua sumergible,"COP41.978,91",-59%,66 sold,4.7,Peces
césped de hierba artificial pee pee pet mata de cabeta peta comentración prasatina para limpiar la alfombrilla de césped con agujeros de drenaje mascota en interiores al aire libre,"COP49.102,35",-60%,53 sold,4.5,Perros
matina de perro de llegada a través de la banel,"COP55.257,91",-60%,273 sold,4.1,Perros
bomba de agua de fabricante de olas de onda de wavemaker para el acuario pescado de pescado bomba aeróbica de circulación de agua bomba de flujo de surf 220-240v,"COP46.234,09",-61%,146 sold,4.3,Peces
denim dog dress harness puppy ropa de verano para pequeños perros medianos chihuahua bulldog francés caminando correa de pecho con anillo d,"COP26.947,52",-58%,17 sold,4.0,Perros
lindo gato de gato refinado elástico otoño invierno gatito gatitos gatitos de tejido tejido,"COP7.801,71",-51%,500+ sold,5.0,Gatos
suministros para mascotas tazón de acero inoxidable tazón de diamante bowl cat food food bowl utensilios de alimentos para perros anti slip tazón para perros volcador,"COP25.872,96",-62%,108 sold,4.8,Perros
ornamento de peces ornamento simulado de arrecifes de coral de la isla de resina de resina decoración del acuario de montaña del hogar decoración de antecedentes,"COP36.944,68",-61%,65 sold,4.8,Peces
"bolsa de malla de malla portátil mochila para perros transpirable bolso de perro de gran capacidad plegable, mochila para perros de gran capacidad transpirable al aire libre","COP71.995,35",-60%,84 sold,4.8,Perros
bomba de aireación de jebo aquario gran acuario aquacultura de peces aquacultura bomba de oxígeno bomba de oxígeno silent fish pond airator,"COP249.998,87",-58%,39 sold,4.0,Peces
ropa de vellón suave para perros invernal de cachorros tibios gatito ropa de mascota para perros pequeños chihuahua bulldog prendedero suéter para perros,"COP8.858,18",-59%,900+ sold,4.8,Perros
"papel de almohadilla de jaula de pájaros desechable de 100 piezas, tela absorbente no tejida, papel de almohadilla de jaula de loros, chasis, almohadilla de limpieza de estiércol de pájaros","COP42.828,76",-60%,108 sold,3.8,Jaulas para Mascotas
moda dog dot dot pet ropa de perro summer suprender falda de cachorros chihuahua yorkie bichon clothing girl disfraz de perros cat vestidos,"COP26.794,07",-63%,135 sold,5.0,Perros
caja de arena para gato kitty sandbox suministros de lámina de gato suministro de gato suministros de limpieza de baños,"COP62.180,69",-61%,"1,000+ sold",4.2,Gatos
chaqueta de perro de béisbol ropa de perro de invierno para pequeños perros medianos perros cachorro de cachorro,"COP9.536,31",-31%,"1,000+ sold",4.7,Perros
alimentadores automáticos para perros botella de agua de plástico tazón para el tazón de gato que alimenta y bebe agua dispensador de agua para alimentar a las mascotas suministros para mascotas,"COP51.828,98",-58%,600+ sold,4.3,Perros
hamaca para mascotas bolsa de restricción de hamaca para perros de hamaca para uñas,"COP21.542,96",-8%,442 sold,4.8,Perros
"luz de acuario de tanques de pescado programable con monitor lcd y termómetro para plantas acuáticas, función de memoria de las 24 horas, 24/7, lámpara led de ciclo las 24 horas, 24/7, lámpara led","COP206.214,1",-31%,495 sold,4.8,Peces
acuario de gotas de co2 de vidrio difuso colgada en el indicador del detector del sensor del monitor de co2 indicador para la demanda de pescado tanque de tanque plantado acuático ph,"COP12.539,52",-64%,234 sold,4.8,Peces
bomba de agua de fabricante de ondas para la bomba de pescado de acuarios bomba aeróbica circulación de agua de la bomba de flujo de flujo de la bomba de la bomba de surf de la bomba de surf,"COP48.429,06",-59%,118 sold,4.9,Peces
chaleco de camisa de perros para perros pequeños chihuahua ropa de cachorro tanque camiseta,"COP19.851,11",-63%,132 sold,4.6,Perros
bolsa de cintura para mascotas bolsas de caca al aire libre portátiles bolsas de entrenamiento para perros,"COP28.404,97",-60%,187 sold,4.9,Perros
bomba de agua sumergible portable usb 8 niveles ajustable 0-400l/h 0-600l/h poba fieba pequeña con lija de liste anterior 0-9.8ft 6.5 pies,"COP70.535,41",-59%,70 sold,4.9,Peces
pequeño medio grande gran impermeables,"COP53.102,33",-59%,35 sold,5.0,Perros
"ropa de mascotas: luz de chaleco para perros y gatos, transpirable, cómodo, simple, generoso, fresco y lindo, adecuado para todas las estaciones","COP10.409,92",-64%,193 sold,4.4,Gatos
3 en 1 purifier de agua silenciosa purifier de bomba interna filtro de acuario sumergible oxígeno purificador de agua sumergible,"COP42.081,69",-59%,66 sold,4.7,Peces
césped de hierba artificial pee pee pet mata de cabeta peta comentración prasatina para limpiar la alfombrilla de césped con agujeros de drenaje mascota en interiores al aire libre,"COP49.221,74",-60%,53 sold,4.5,Perros
matina de perro de llegada a través de la banel,"COP55.391,64",-60%,273 sold,4.1,Perros
bomba de agua de fabricante de olas de onda de wavemaker para el acuario pescado de pescado bomba aeróbica de circulación de agua bomba de flujo de surf 220-240v,"COP46.346,79",-61%,146 sold,4.3,Peces
denim dog dress harness puppy ropa de verano para pequeños perros medianos chihuahua bulldog francés caminando correa de pecho con anillo d,"COP27.010,33",-58%,17 sold,4.0,Perros
lindo gato de gato refinado elástico otoño invierno gatito gatitos gatitos de tejido tejido,"COP7.824,83",-51%,500+ sold,5.0,Gatos
suministros para mascotas tazón de acero inoxidable tazón de diamante bowl cat food food bowl utensilios de alimentos para perros anti slip tazón para perros volcador,"COP25.938,2",-62%,108 sold,4.8,Perros
ornamento de peces ornamento simulado de arrecifes de coral de la isla de resina de resina decoración del acuario de montaña del hogar decoración de antecedentes,"COP37.035,74",-61%,65 sold,4.8,Peces
"bolsa de malla de malla portátil mochila para perros transpirable bolso de perro de gran capacidad plegable, mochila para perros de gran capacidad transpirable al aire libre","COP72.168,1",-60%,84 sold,4.8,Perros
bomba de aireación de jebo aquario gran acuario aquacultura de peces aquacultura bomba de oxígeno bomba de oxígeno silent fish pond airator,"COP250.586,52",-58%,39 sold,4.0,Peces
"papel de almohadilla de jaula de pájaros desechable de 100 piezas, tela absorbente no tejida, papel de almohadilla de jaula de loros, chasis, almohadilla de limpieza de estiércol de pájaros","COP42.933,53",-60%,108 sold,3.8,Jaulas para Mascotas
moda dog dot dot pet ropa de perro summer suprender falda de cachorros chihuahua yorkie bichon clothing girl disfraz de perros cat vestidos,"COP26.856,53",-63%,135 sold,5.0,Perros
caja de arena para gato kitty sandbox suministros de lámina de gato suministro de gato suministros de limpieza de baños,"COP62.330,56",-61%,"1,000+ sold",4.2,Gatos
alimentadores automáticos para perros botella de agua de plástico tazón para el tazón de gato que alimenta y bebe agua dispensador de agua para alimentar a las mascotas suministros para mascotas,"COP51.954,71",-58%,600+ sold,4.3,Perros
sombrero de hélice de mascotas colorido desmontable adorable a prueba de sol respirable suministros de tapa decorativa de verano al aire libre,"COP14.579,97",-47%,164 sold,4.5,Perros
mat de enfriamiento de mascotas gato gato almohadilla para dormir helado fresco seda de seda humedad colchón a prueba de colchón de verano cama pequeña cama fría 5 tamaños,"COP63.479,6",-57%,119 sold,4.7,Gatos
camiseta de perros de verano ropa delgada para perros para perros pequeños de perros medianos ropa de cachorro transpirable chihuahua ropa accesorios para perros,"COP19.815,63",-62%,102 sold,3.6,Perros
estera de perros enfriando almohadilla de verano para perros manta de gato sofá cama para perros transpirable cama para perros lavable para pequeños medianos grandes perros grandes automóvil,"COP24.678,19",-60%,28 sold,5.0,Perros
color transparente gafas de perros de mascota impermeables con protector solar a prueba de viento gafas para perros grandes resistentes,"COP35.207,84",-61%,126 sold,4.8,Perros
chaleco para perro de verano lindo estampado de dibujos animados transpirables camiseta delgada para pequeña moda de perro mediano,COP13.486,-63%,121 sold,4.9,Perros
ropa para perros de verano para perros pequeños delgados chaleco de perros delgada ropa de cachorro,"COP17.496,73",-64%,500+ sold,4.7,Perros
gafas para perros para gafas de sol de perros de raza pequeña gafas de sol ultraves,"COP35.639,68",-60%,23 sold,4.0,Aves
sombrero de perro hombo de protección solar gorra de béisbol con sombrero de deportes al aire libre con orejas para mascotas ajustables para perros pequeños y medianos perros grandes,"COP19.537,59",-64%,800+ sold,4.6,Perros
"summer pet cat hat ajustable, transpirable, de moda cat and dog protection sun decoration suministros de diseño de la fiesta","COP15.402,63",-63%,64 sold,5.0,Perros
zapatos para perros ositos de peluche zapatos de suela suave para perros pequeños cachorro anti -drop zapatos transpirables de 4 zapatos de mascotas de verano,"COP30.629,22",-62%,79 sold,4.7,Perros
camisas de perros para perros de mascotas de estilo hawaiano para perros medianos pequeños ropa de gato cachorro ropa perro pug bulldog francés,"COP12.462,61",-64%,131 sold,4.3,Perros
ropa para perros enfriando verano lindo divertidos xs xxl trajes de mascotas para pequeños bulldog franceses franceses terrier chihuahua yorkie pug gato abrigo,"COP19.030,25",-55%,73 sold,4.9,Perros
dog princess dress linda mascota dog mesh mesh gatito cabeza de mascota vestido de verano papaje coreano poodle chihuahua ropa de perro,"COP13.173,9",-40%,281 sold,4.7,Perros
zapatos para perros de verano transpirables sandalias de mascotas no deslizantes para perros pequeños gatos gatos reflectantes calzado cachorro caminando chihuahua botas 4pcs/set,"COP49.937,52",,31 sold,5.0,Gatos
vestido para perros de mascota estampado de fresa 2025 ropa de perro lindo reino de verano,"COP10.303,44",-75%,150 sold,4.8,Perros
"vestido de perro de mezclilla de mezclilla, ropa de mascotas de verano, falda de boda, primavera","COP8.552,44",-43%,98 sold,5.0,Perros
summer al aire libre pet pet rain aumin,"COP4.195,98",-50%,37 sold,5.0,Perros
summer cat bed woven tapicería extraíble casa para dormir cat scratch piso rattan ratán resistente a gato suministros para mascotas 35,"COP121.444,49",-58%,121 sold,4.4,Gatos
atuban gafas de perros anti uv fuerte resistencia de impacto elástico ajustable cubro de raza grande gafas de perros gafas de sol transpirables gafas de sol,"COP56.775,88",-60%,310 sold,4.8,Perros
madden summer cooling pet gat cushion almohadilla de hielo matina cuadrada para dormir para perros puppy cats pet kennel de calidad fría fría fría,"COP132.109,73",,190 sold,4.2,Perros
linda ropa de gato summer sphinx camiseta de fondo a rayas gatineros vest para sphynx cat ropa de mascota transpirable dovenrex disfraz,"COP25.299,32",-64%,36 sold,5.0,Gatos
chaqueta salvavidas de perro tiburón aleta cachorro chaleco salvavidas chaqueta de seguridad para natación de perros con mango chaleco para perros,"COP21.732,25",-8%,47 sold,5.0,Perros
pet dog jumpsuits bear chaleco de la primavera de verano para el teddy french bulldog comfort custume de cachorros transpirables,"COP12.728,81",-14%,82 sold,4.5,Perros
vemigo cat cat puppy vest classas classels camiseta sin mangas para perros pequeños,"COP6.145,63",-49%,89 sold,4.9,Perros
co2 co2 co2 disparación de glante de vidrio para co2 comparación del monitor de vador ph probador de monitor indicadores a largo plazo,"COP15.438,13",-64%,127 sold,4.8,Peces
100 ml de perro gato gato anti pulgas de insecto insectcide holones de piojos seguros para el hogar y los perros de los gatos evitan garrapatas,"COP26.239,89",-62%,447 sold,4.6,Gatos
lindo peluche duck sound juguete relleno chillido chillido perra juguete limpieza dental duana mastura juguetes de cuerda accesorios para perros pet,"COP5.548,77",-45%,282 sold,4.6,Perros
masajeador de artículos más vendidos para gatos pp material pets bets brother retire el peinador de cabello table de preparación dogs care royal,"COP14.148,54",-65%,3000+ sold,4.7,Gatos
