title,price,reviews,sold,rating,category
"neence toallitas para los dedos de los oídos para perros y gatos, toallitas limpiadoras de oídos para perros, toallitas desodorizantes para el cuidado de los oídos para gatos y perros, elimina",11.99,162,300+ comprados el mes pasado,4.6,Gatos
"dispositivos de disuasión de ladridos para perros propios o vecinos, ultrasónico, para entrenamiento de perros seguro y eficaz, antiladridos, portátil, uso en interiores y exteriores, naranja",29.99,"2,576",40 K+ comprados el mes pasado,4.5,Perros
"veken fuente de agua de acero inoxidable para gatos, regalos para papá, fuente automática para mascotas de 95 onzas / 2.8 l con 3 filtros de repuesto y 3 esponjas de prefiltro y alfombrilla de",32.99,"8,760",20 K+ comprados el mes pasado,4.3,Gatos
"pet md toallitas para los dedos de los oídos para perros, cobertura extra y diseño grande, con eucalipto y aloe vera para perros, toallitas de limpieza de oídos para mascotas y limpiador de oídos para",18.99,"60,367",8 K+ comprados el mes pasado,4.6,Perros
"polvo de limpieza de dientes de perro, polvo dental para perros y gatos, placa de limpieza de dientes de mascotas, removedor de sarro y mal aliento para perros, limpieza de dientes de perro con",21.99,279,8 K+ comprados el mes pasado,4.6,Gatos
"pretty litter health monitoring - arena para gatos, arena de cristal no aglomerante, (6 libras (paquete de 2), sin perfume)",48.98,544,5 K+ comprados el mes pasado,4.3,Gatos
"fuente de agua para gatos de acero inoxidable: fuentes para mascotas para gatos/perros tazones de agua automáticos para interiores para beber dispensador de agua para animales pequeños, grifo de riego",19.99,277,4 K+ comprados el mes pasado,4.5,Gatos
"60 almohadillas extra grandes para orina de perro de 28 x 34 pulgadas, superabsorbentes, almohadillas desechables para entrenamiento de perros, almohadillas de secado rápido a prueba de fugas para",24.99,165,3 K+ comprados el mes pasado,4.7,Perros
"collar antiladridos inteligente para perros, collar antiladridos automático para perros pequeños de 5 a 15 libras, medianos y grandes, antiladridos con pitido, vibración y 7 sensibilidad ajustable",33.99,609,6 K+ comprados el mes pasado,4.7,Perros
"paquete de 2 silbatos para perros, silbato para perro para dejar de ladrar a los vecinos, silbato ultrasónico ajustable silencioso para perro, silbatos de entrenamiento profesional para perros",9.99,68,,4.8,Perros
"100 almohadillas grandes para perros y cachorros, almohadillas absorbentes de entrenamiento para orinal de 28 x 30 pulgadas, almohadillas desechables de secado rápido a prueba de fugas para cachorros",29.99,725,,4.5,Perros
"collar de choque para perros, collar de entrenamiento para perros de 3300 pies con control remoto, ipx7, impermeable, recargable, elegante, moderno, collar de choque para perros pequeños, medianos y",34.99,242,2 K+ comprados el mes pasado,4.7,Perros
"collar de choque para perros con control remoto – collar de entrenamiento recargable para perros, ipx7 impermeable e collar para perros con 4 modos seguros de linterna, pitido de vibración, choque",23.99,326,3 K+ comprados el mes pasado,4.5,Perros
"spray disuasorio mejorado para gatos, repelente natural seguro para gatos en interiores y exteriores, eficaz ayuda de entrenamiento disuasorio de arañazos para gatos, muebles, sofás",19.99,128,1 K+ comprados el mes pasado,4.8,Gatos
"dispositivo disuasorio de ladridos de perro, dispositivos ultrasónicos antiladridos con 3 emisores sónicos, alcance de hasta 50 pies de largo y control de ladridos recargable, seguro para el",29.99,593,2 K+ comprados el mes pasado,4.2,Correas para Mascotas
"jugbow collar de entrenamiento para perros, collar de perro remoto de 4200 pies con 3 modos de entrenamiento, collar eléctrico con luz led e impermeable ipx8, collar electrónico recargable para perros",49.99,431,2 K+ comprados el mes pasado,4.5,Perros
"difusor calmante de feromonas para gatos: difusor de feromonas prémium para gatos, difusor de feromonas para gatos, difusor calmante para gatos, difusor de feromonas calmante para gatos",24.97,383,,4.5,Gatos
"juguete interactivo del dispensador de la golosina del perro, alimentador lento",17.99,260,3 K+ comprados el mes pasado,4.5,Perros
"tazón de agua para perros de 6.5 l, sin derrames, 1.6 galones, tazón de agua de acero inoxidable para perros, gran capacidad, sin salpicaduras, comedero lento con alfombrilla antideslizante para",36.99,396,2 K+ comprados el mes pasado,4.7,Perros
"difusor calmante de feromonas para perros 4 en 1, kit de difusor de feromonas para mascotas (enchufe + paquete de 3 repuestos de 1.6 fl oz) para aliviar la ansiedad, reducir los ladridos, la agresión",22.99,74,2 K+ comprados el mes pasado,4.5,Perros
"collar antiladridos para perros grandes, medianos y pequeños, collar inteligente para ladridos, eficaz sin ladridos con modos ajustables de corrección de vibración de pitido, dispositivo antiladridos",35.99,143,1 K+ comprados el mes pasado,4.8,Perros
"timingila papelera giratoria y rastrillo de 36 pulgadas con 100 bolsas para excrementos de perro, mango largo ajustable para limpieza sin doblez, recogedor portátil no rompible para perros grandes,",19.18,129,3 K+ comprados el mes pasado,4.3,Perros
"smart ai - collar antiladridos para perros grandes, medianos y pequeños, dispositivo antiladridos con 5 modos de entrenamiento, exclusivo collar de ladrido forzado, collar de ladrido recargable",39.99,247,2 K+ comprados el mes pasado,4.9,Perros
woof party pupsicle - juguetes interactivos de larga duración para perros para el aburrimiento - diseño de bajo desorden - regalos de cumpleaños para perros - juguetes grandes para perros - fiesta,19.99,166,2 K+ comprados el mes pasado,4.6,Perros
"collar de entrenamiento para perros, collar de choque para perros con control remoto para perros medianos y grandes de 40 a 120 libras, collar de choque impermeable ip68 para perros con vibración de",24.99,60,,4.9,Perros
"potaroma fuente de agua inteligente inalámbrica para mascotas, sin filtro, gran capacidad de 3.5 litros, dispensador de agua automático recargable para gatos y perros pequeños, separación de aguas",49.99,208,1 K+ comprados el mes pasado,4.3,Gatos
"saffory - cortadora de patas de perro, recortadora de garras para mascotas con luz led, cortadora de mascotas recargable por usb de bajo ruido. adecuado para perros y gatos, para recortar el pelo",19.99,102,2 K+ comprados el mes pasado,4.3,Gatos
"petdroid juguetes interactivos para perros, [2025 recientemente actualizados] juguetes de bola rodante automática activados por movimiento duradero para perros pequeños/medianos/medianos, recargable",25.0,"11,632",2 K+ comprados el mes pasado,3.8,Perros
"toallitas para ojos de perro, removedor de manchas de lágrimas de ángel para todos los perros y gatos, toallitas hipoalergénicas y desodorizantes para perros, toallitas limpiadoras de ojos de mascotas",13.99,128,1 K+ comprados el mes pasado,4.8,Gatos
"juguetes interactivos para perros, pelota móvil para perros con activación táctil, bola rodante activa para cachorros y perros medianos, chirriante, recargable por usb",18.98,210,2 K+ comprados el mes pasado,4.1,Perros
woof mezcla de marionetas para perros – recambios de marionetas fáciles de hacer – mezcla de marionetas sabrosa y saludable – ingredientes saludables – larga duración – mezcla calmante,19.99,179,2 K+ comprados el mes pasado,4.6,Perros
"aspiradora de aseo para perros, kit de aseo para mascotas, cortadora de uñas para perros, taza de polvo de 2.5 l, 7 herramientas de aseo de 11000 pa, aspiradora de perro para pelar el aseo, aspiradora",69.99,706,2 K+ comprados el mes pasado,4.5,Perros
"tazón para perros de alimentación lenta, tercera generación mejorada, cuenco de comida súper firme (cortable) para razas grandes y medianas y pequeñas, compatible con cuenco de vidrio de metal elevado",5.99,220,2 K+ comprados el mes pasado,4.4,Perros
"difusor calmante de feromonas para gatos: difusor de feromonas prémium para gatos, difusor de feromonas para gatos, difusor calmante para gatos, difusor de feromonas calmante para gatos",24.97,383,2 K+ comprados el mes pasado,4.3,Gatos
"prevención de pulgas y garrapatas para perros, collar antipulgas, 2 unidades, ajustable",37.99,403,900+ comprados el mes pasado,4.9,Perros
"4 collares de gato separables con estrellas de luna de campana, collar de gatito ajustable con brillo colgante, lindo collar de gatito para niñas y niños, gatos, regalos para mascotas,",5.97,87,1 K+ comprados el mes pasado,4.5,Gatos
"jugbow collar de choque para perro, collar de entrenamiento para perros de 4200 pies con control remoto, innovador ipx7, impermeable, con 4 modos de entrenamiento, collar electrónico recargable para",54.99,"9,216",1 K+ comprados el mes pasado,4.2,Perros
"peine para gatos, peine para perros, herramienta de eliminación de pelo de mascotas, peine de pulgas para gatos y piojos de perro, cepillo para gatos con botón de liberación autolimpiante con dientes",8.99,109,1 K+ comprados el mes pasado,4.2,Gatos
"iris usa - paquete de 2 cajas de arena grandes para gatos con escudo de dispersión y cuchara, bandeja de arena para gatos con parte superior abierta de alta cara, color negro",29.99,"33,785",1 K+ comprados el mes pasado,4.4,Gatos
"veken filtros de fuente de agua para gatos, paquete de 12 filtros de repuesto y 12 esponjas de repuesto para dispensador automático de agua para perros de 67 onzas, 95 onzas, 135 onzas",21.99,"12,218",1 K+ comprados el mes pasado,4.7,Gatos
"collar de choque para perros ultra pequeño, ultraligero y delgado, con control remoto de 1300 pies, diseñado para perros pequeños de 5 a 15 libras y perros medianos, control preciso de 198 niveles,",34.99,325,2 K+ comprados el mes pasado,4.3,Perros
dispositivo disuasorio de ladridos de perro 2025 – dispositivos de control de ladridos para perros que detienen el mal comportamiento – silbato ultrasónico recargable para mascotas para dejar de,29.99,91,,4.9,Perros
"collar antiladridos para perro, paquete de 2, collar antiladridos para perros grandes, medianos y pequeños, collar inteligente recargable, collar de entrenamiento antiladridos con sensibilidad",39.99,127,1 K+ comprados el mes pasado,4.8,Perros
"petlibro comedero automático para gatos con cuenco de acero inoxidable, refrigerado para gatos con refrigeración semiconductora, 3 comidas frescas durante 3 días, dispensador de alimentos para",149.99,"2,211",1 K+ comprados el mes pasado,4.4,Gatos
"corralito para perros de 42 x 42 pulgadas, corralito para cachorros con puerta para cachorros, gatos, perros pequeños y medianos, corralito para mascotas con techo para exteriores e interiores",39.99,142,1 K+ comprados el mes pasado,3.9,Gatos
"cono suave para perros después de la cirugía, collar de recuperación transpirable para perros grandes y medianos, collar ajustable con cono de perro, collar isabelino (l, negro)",18.8,110,1 K+ comprados el mes pasado,4.5,Perros
"collar calmante para perros, paquete de 4 unidades, collar de feromona, alivia la ansiedad y la separación del estrés, dura 60 días, 25 pulgadas flexible ajustable, gris, para perros",17.99,75,1 K+ comprados el mes pasado,4.6,Perros
"collar natural para pulgas y garrapatas para perros, paquete de 4, 8 meses de protección de larga duración, impermeable, tamaño ajustable para perros pequeños, medianos y grandes",35.99,102,1 K+ comprados el mes pasado,4.6,Perros
"pelota interactiva de juguetes para gatos de interior, [2025 recientemente actualizada] bola de gato ágil en movimiento con cola de malla elástica, juguetes automáticos para gatos adultos",20.99,190,1 K+ comprados el mes pasado,4.5,Gatos
"ingenuity doorway - puerta para perros y bebés serie 42w, para interiores y exteriores, no se oxida ni se decolora, se adapta a aberturas de 23-42 pulgadas, 24 pulgadas de alto",19.99,424,1 K+ comprados el mes pasado,3.8,Perros
fuente de agua para gatos en interior: fuentes para gatos de 80 oz/2.4 l para beber - cuencos silenciosos para regar mascotas para gatos en el interior - suministros de agua para gatitos negros - para,16.99,259,1 K+ comprados el mes pasado,4.4,Gatos
"tapete grande de 34 x 22 pulgadas para caja de arena para gatos, almohadilla de silicona impermeable para el suelo, gris oscuro",22.99,79,1 K+ comprados el mes pasado,4.5,Gatos
"difusor de feromonas calmantes para perros 6 en 1, kit de difusor de feromonas apaciguador para calmar (2 enchufes+4 paquetes de 1.6 fl oz de repuesto) para aliviar la ansiedad, reducir la agresión",38.99,35,1 K+ comprados el mes pasado,4.5,Perros
"collar de choque de perro 2 en 1 y collar de ladrido de perro, collar de entrenamiento de perro de 4200 pies con control remoto, 3 modos de entrenamiento y luz para paseos nocturnos, ip67 impermeable",47.49,64,,4.8,Correas para Mascotas
"extensor de asiento trasero para perros, funda de asiento de coche de fondo duro para perros con ventana de malla, funda impermeable para asiento trasero para mascotas, parte inferior dura,",35.99,87,1 K+ comprados el mes pasado,4.6,Perros
world's best cat litter® boosterstm good habitstm | aditivo natural y sostenible para arena para gatos | atrae a tu gato a la caja de arena y ayuda a evitar accidentes | atractivo a base de plantas |,15.55,38,1 K+ comprados el mes pasado,3.8,Gatos
"meowant caja de arena para gatos autolimpiante, caja de arena automática para gatos con protección de seguridad, control de aplicación, sin olor, gran espacio de 75 litros para múltiples gatos",269.99,164,1 K+ comprados el mes pasado,4.3,Gatos
litter genie cubo de platino hecho de acero inoxidable duradero que incluye 1 rollo de recarga fácil,51.83,"2,708",1 K+ comprados el mes pasado,4.6,Correas para Mascotas
"green dog poo bags - 120 bolsas grandes biodegradables para excrementos, extra gruesas, fuertes, mezcladas, compostables, a prueba de fugas, bolsa de residuos para perros",5.99,34,800+ comprados el mes pasado,4.4,Perros
"caja de arena de acero inoxidable con tapa, bandeja de arena extragrande para gatos abatible de 135°, caja de arena de metal cerrada con pala de arena y pedal de filtro, antifugas, sin olor",69.98,123,1 K+ comprados el mes pasado,4.5,Gatos
"aerosol de entrenamiento para perros para entrenamiento de orinal para cachorros, aborda los hábitos de eliminación inapropiados caninos | métodos probados para entornos interiores y exteriores, 3.51",15.99,16,,4.8,Perros
almohadillas para orina de perro extra grandes 30 x 36 pulgadas (50 unidades),29.85,304,1 K+ comprados el mes pasado,4.5,Perros
"poste rascador para gatos de 35 pulgadas de alto con cuerda de sisal, postes rascadores para gatos de interior y adultos con juguete para gatos y pelota interactiva para gatitos, adultos, gatos",34.99,46,1 K+ comprados el mes pasado,4.9,Gatos
"benebone wishbone - juguete duradero para masticadores agresivos, tocino real, fabricado en estados unidos, pequeño",8.17,"101,124",1 K+ comprados el mes pasado,4.5,Otros
"dispositivos antiladridos, 3 modos de caja ultrasónica de ladridos, dispositivos disuasorios de ladridos de perro, tapón de ladridos de perro, dispositivo antiladridos para perros de largo alcance 50",33.99,,,,Perros
"bolsas de repuesto prémium para arena para gatos, paquete de 2 unidades jumbo de 28 pies, dura hasta 8 meses, 2 cartuchos para un control superior del olor",21.99,93,1 K+ comprados el mes pasado,4.5,Gatos
"fuente de agua de acero inoxidable para gatos, fuente automática de agua para mascotas de 101 oz/3 l, fuente de agua para perros con filtros de repuesto para gatos, perros pequeños (2 filtros",21.73,156,1 K+ comprados el mes pasado,4.7,Gatos
"spray sin masticar para perros, spray de manzana amarga para que los perros dejen de masticar, puede proteger eficazmente la seguridad de muebles, plantas, zapatos, etc., objetos de valor, seguro para",12.99,50,,4.8,Perros
"voluas fuente de agua de acero inoxidable para gatos, fuente de agua inalámbrica para mascotas, funciona con pilas, 108 oz/3.2 l, dispensador de agua automático para perros con bomba silenciosa, fácil",56.99,532,1 K+ comprados el mes pasado,4.6,Gatos
"purina tidy cats bajo polvo, aglutinante control de olores de arena para gatos, ligera, libre y limpia, sin perfume, arena para múltiples gatos, caja de 12 libras",19.98,26,1 K+ comprados el mes pasado,4.6,Gatos
"spray disuasorio 100% natural para gatos, evita el marcado y los arañazos de orina, ecológico, seguro para niños, mascotas y muebles, uso en interiores y exteriores, ayuda para entrenamiento de",22.99,52,,5.0,Gatos
"correa retráctil para perro 2025 de 16,4 pies – correa retráctil resistente para mascotas con agarre suave antideslizante – correas reflectantes para perros con protección anti torsión para perros",18.15,906,1 K+ comprados el mes pasado,4.6,Perros
"olanly tapete para puerta con patas de perro fangosas, 30 x 20 pulgadas, tapete de felpilla ultra absorbente con diseño de huellas de patas, tapete antideslizante y lavable para entrada en interiores",9.99,48,1 K+ comprados el mes pasado,4.7,Perros
"gorilla grip tapete de silicona 100 % impermeable con borde elevado sin bpa, para alimentación de mascotas, para perros y gatos, contiene derrames, protege el suelo, manteles individuales para gatos y",8.99,"29,681",1 K+ comprados el mes pasado,4.6,Gatos
"paquete de 2 recogedores de excrementos de 33 pulgadas, mango alto xl sin contacto para perros grandes y pequeños, resorte duradero y ligero, recogedor grande para excrementos de perros, resistente",25.99,169,1 K+ comprados el mes pasado,4.6,Perros
"tiniest - collar de choque para perro, collar de entrenamiento de perro más ligero con control remoto para perros pequeños de 5 a 15 libras y perros medianos/cachorros, impermeable, recargable, rango",31.99,"2,343",1 K+ comprados el mes pasado,4.4,Perros
"jugbow collar de choque para perro, collar de entrenamiento para perros de 4200 pies con control remoto para perros grandes, medianos y pequeños, recargable e impermeable ipx8 con pitido (1-3)",35.99,343,1 K+ comprados el mes pasado,4.2,Perros
"comedero automático para gatos con alimentación lenta para 2 gatos: alimentador automático wifi 5g con almacenamiento grande de alimentos de 7 l, dispensador de comida para gatos con alexa",56.99,105,1 K+ comprados el mes pasado,4.4,Gatos
"jugbow collar de choque para perro, collar de entrenamiento para perros de 4200 pies con control remoto para perros pequeños, medianos y grandes, collar e impermeable ipx8 con 4 modos de entrenamiento",44.99,636,1 K+ comprados el mes pasado,4.2,Perros
"collar calmante para gatos: soporte de comportamiento con infusión de feromonas, efecto de 30 días de larga duración, ajustable e impermeable, paquete de 4 (x morado)",19.97,846,1 K+ comprados el mes pasado,3.9,Gatos
"caja de arena automática para gatos, control por aplicación y monitoreo de peso, ultra silenciosa de 86 litros, monitor de salud inteligente, seguro antipellizcos, caja de arena autolimpiante",179.99,181,1 K+ comprados el mes pasado,4.2,Gatos
"fuente de agua inalámbrica para gatos, dispensador automático de agua para mascotas, 4000 mah, funciona con pilas, 3.2l/108 onzas, fuentes de agua de gran capacidad para gatos y perros",29.99,71,900+ comprados el mes pasado,4.3,Gatos
"disuasorio para gatos al aire libre, aceite de menta natural para gatos en interiores y exteriores, mantiene a los gatos fuera del césped, patio, jardín, mantillo y flores permanentemente",15.99,58,1 K+ comprados el mes pasado,3.0,Gatos
"removedor de verrugas para perros: eliminación de etiquetas cutáneas para perros de 0.7 fl oz, tratamiento natural de eliminación de verrugas de perro, elimina rápidamente las verrugas de",15.99,50,1 K+ comprados el mes pasado,4.8,Perros
"collar calmante para perros, paquete de 4 collares calmantes de feromonas para perros, alivio de la ansiedad, la separación del estrés dura 60 días, alivia el mal comportamiento, tamaño de 25 pulgadas",19.99,73,1 K+ comprados el mes pasado,4.4,Perros
"aerosol de entrenamiento para perros, espray de entrenamiento para cachorros, corrige el mal comportamiento de defecación del perro y te ayuda a entrenar a tu perro para que vaya al baño en el lugar",15.99,21,1 K+ comprados el mes pasado,4.2,Perros
"arm & hammer aditivo de agua dental para perros, control de sarro | cuidado dental para perros reduce la placa y la acumulación de sarro sin cepillarse | inodoro y sin sabor, 16 onzas líquidas -",15.15,"13,074",1 K+ comprados el mes pasado,4.3,Perros
"purina tidy cats - fórmula de control de olores para arena para gatos con bajo polvo, múltiples gatos, ligera glade clear springs, caja de 12 libras",19.98,"19,471",900+ comprados el mes pasado,4.5,Gatos
"kyouki bird toys - caja de forraje natural para pájaros, cacatúas, conures, pájaros del amor y otros pájaros pequeños a medianos (mediano)",9.99,54,1 K+ comprados el mes pasado,4.6,Aves
"decflow cuenco de agua para perros de acero inoxidable de 10 l, sin derrames, antisalpicaduras con alfombrilla de silicona xxl, alimentador lento a prueba de derrames para bebedores desordenados",49.99,166,1 K+ comprados el mes pasado,4.4,Perros
"collar de algodón para gatos, paquete de 2 collares de gatos con campanas, para niñas y niños, gatitos, dinosaurio",7.97,23,800+ comprados el mes pasado,4.8,Gatos
"ohtomber cuenco de agua grande de acero inoxidable para perros de 1.25 galones, cuenco de metal para agua y comida para perros sin derrames, plato de alimentación al aire libre para gatos, mascotas",13.99,53,1 K+ comprados el mes pasado,4.7,Gatos
"juguetes interactivos para perros para masticadores agresivos, juguete indestructible para perros de razas grandes/medianas, soporte para golosinas congeladas para mantenerlos ocupados y",11.04,59,900+ comprados el mes pasado,4.6,Perros
"collar de choque para perros con control remoto, collar de entrenamiento para perros grandes y medianos de 40 a 120 libras, impermeable, collar de choque para perros con bloqueo de seguridad por",24.99,43,2 K+ comprados el mes pasado,3.7,Perros
"polvo dental para perros, productos de limpieza de dientes de perro, polvo de limpieza de dientes de perro con probióticos para perros, placa de tratamiento para el mal aliento y sarro para limpieza",10.79,65,900+ comprados el mes pasado,4.6,Perros
"funda de asiento de automóvil para perro, extensor de asiento trasero duro para perros, soporta 400 libras, 600d resistente a los arañazos, impermeable, hamaca para perro, para automóvil, suv",35.99,159,1 K+ comprados el mes pasado,4.5,Perros
"peine para gatos, peine para perros, herramienta de eliminación de pelo de mascotas, peine de pulgas para gatos y piojos de perro, cepillo para gatos con botón de liberación autolimpiante con dientes",8.99,109,1 K+ comprados el mes pasado,4.2,Gatos
"iris usa - paquete de 2 cajas de arena grandes para gatos con escudo de dispersión y cuchara, bandeja de arena para gatos con parte superior abierta de alta cara, color negro",29.99,"33,785",1 K+ comprados el mes pasado,4.4,Gatos
"sharlovy juguetes para perros sin relleno, chirriantes, masticables de larga duración para perros agresivos y duraderos juguetes masticables para dentición, con 6 capas resistentes para razas pequeñas",23.99,"9,125",2 K+ comprados el mes pasado,4.2,Perros
"2 pinzas de alimentación de reptiles de acero inoxidable con punta de goma, pinzas largas rectas y curvadas de 10.6 pulgadas para acuario o manualidades, accesorios de recinto de serpientes de",5.59,233,1 K+ comprados el mes pasado,4.4,Reptiles y Anfibios
"juego de recogedor de excrementos de perro, rastrillo de acero inoxidable resistente con bandeja extra grande y pala sin doblez, limpieza para eliminar desechos de mascotas, para hierba,",24.99,187,1 K+ comprados el mes pasado,4.5,Perros
"veken filtros de fuente de agua para gatos, paquete de 12 filtros de repuesto y 12 esponjas de repuesto para dispensador automático de agua para perros de 67 onzas, 95 onzas, 135 onzas",21.99,"12,218",1 K+ comprados el mes pasado,4.7,Gatos
"tapete de arena para gatos, tapete de arena pequeña de 23.2 x 14.6 pulgadas con doble capa, a prueba de orina y antideslizante, fácil de limpiar, tapete de arena para gatos para piso, control",7.99,326,1 K+ comprados el mes pasado,4.4,Gatos
"qeils almohadillas lavables para orina para perros, paquete de 2 almohadillas reutilizables súper absorbentes para cachorros con lana larga verde para entrenamiento de orinal, suelo, sofá, cama y",14.99,755,1 K+ comprados el mes pasado,4.2,Perros
"collar de choque para perros ultra pequeño, ultraligero y delgado, con control remoto de 1300 pies, diseñado para perros pequeños de 5 a 15 libras y perros medianos, control preciso de 198 niveles,",34.99,325,2 K+ comprados el mes pasado,4.3,Perros
"dispositivos disuasorios de ladridos de perro, dispositivo antiladridos para perros, silenciador de ladridos, silbato de perro de hasta 50 pies, herramienta de entrenamiento de perros para el",19.99,439,1 K+ comprados el mes pasado,4.1,Perros
"fuente de agua inalámbrica para gatos: fuente para gatos con pilas, dispensador automático de agua para mascotas de 108 oz/3.2 l, fuentes de agua recargables para gatos en interiores con sensor de",29.99,535,1 K+ comprados el mes pasado,4.6,Gatos
dispositivo disuasorio de ladridos de perro 2025 – dispositivos de control de ladridos para perros que detienen el mal comportamiento – silbato ultrasónico recargable para mascotas para dejar de,29.99,91,,4.9,Perros
"potaroma juguetes de bola de hierba gatera para gatos, 3 piezas con campana, juguetes retráctiles interactivos para gatos, juguetes retráctiles, juego de gatitos, persecución, ejercicio, estimulación",9.98,337,1 K+ comprados el mes pasado,4.4,Gatos
"collar antiladridos para perro, paquete de 2, collar antiladridos para perros grandes, medianos y pequeños, collar inteligente recargable, collar de entrenamiento antiladridos con sensibilidad",39.99,127,1 K+ comprados el mes pasado,4.8,Perros
"petlibro fuente de agua para gatos, fuente de agua inalámbrica para mascotas, funciona con pilas, fuente de agua dockstream de 2.5l/84 onzas para gatos en interiores, fuente para gatos con bandeja de",69.99,"3,369",1 K+ comprados el mes pasado,4.3,Gatos
"hyha - cobija o funda de sofá impermeable para cama o mueble para perro o mascota, suave, impermeable, reversible y lavable, 30 x 70 pulgadas, gris/gris oscuro",9.09,294,2 K+ comprados el mes pasado,4.3,Perros
"toallitas limpiadoras de oídos para perros, tratamiento de infecciones de oído para perros, alivio rápido de la picazón y la inflamación del oído, las toallitas para orejas de gato eliminan",17.99,335,1 K+ comprados el mes pasado,4.6,Perros
"petlibro comedero automático para gatos con cuenco de acero inoxidable, refrigerado para gatos con refrigeración semiconductora, 3 comidas frescas durante 3 días, dispensador de alimentos para",149.99,"2,211",1 K+ comprados el mes pasado,4.4,Gatos
"juguetes masticables para perros para masticadores agresivos: juguetes chirriantes para perros grandes, juguetes interactivos resistentes para todas las razas, vientre de goma, juguetes",9.99,528,1 K+ comprados el mes pasado,4.1,Perros
"corralito para perros de 42 x 42 pulgadas, corralito para cachorros con puerta para cachorros, gatos, perros pequeños y medianos, corralito para mascotas con techo para exteriores e interiores",39.99,142,1 K+ comprados el mes pasado,3.9,Gatos
"cono suave para perros después de la cirugía, collar de recuperación transpirable para perros grandes y medianos, collar ajustable con cono de perro, collar isabelino (l, negro)",18.8,110,1 K+ comprados el mes pasado,4.5,Perros
"paquete de 2 tablas rascadoras para gatos, cartón de 25.6 pulgadas de alto, en forma de l, rascador vertical para gatos de interior, poste rascador para gatos para pared y sofá, tamaño grande",34.42,85,1 K+ comprados el mes pasado,4.5,Gatos
"caja de arena para gatos de acero inoxidable con tapa, caja de arena grande xl para gatos grandes, bandeja de arena cerrada para gatos con lados altos, antifugas y antiadherente, fácil de",49.99,352,1 K+ comprados el mes pasado,4.7,Gatos
"hicc pet toallitas de limpieza de dientes para perros y gatos, elimina el mal aliento eliminando la placa y la acumulación de sarro, cepillo de dientes de dedo de perro, cepillo de dientes desechable",13.59,"5,528",1 K+ comprados el mes pasado,4.3,Gatos
"cono suave para perros después de la cirugía, collar de recuperación transpirable para perros grandes y medianos, collar ajustable con cono de perro, collar isabelino (l, negro)",18.8,110,1 K+ comprados el mes pasado,4.5,Perros
"paquete de 2 tablas rascadoras para gatos, cartón de 25.6 pulgadas de alto, en forma de l, rascador vertical para gatos de interior, poste rascador para gatos para pared y sofá, tamaño grande",34.42,85,1 K+ comprados el mes pasado,4.5,Gatos
"caja de arena para gatos de acero inoxidable con tapa, caja de arena grande xl para gatos grandes, bandeja de arena cerrada para gatos con lados altos, antifugas y antiadherente, fácil de",49.99,352,1 K+ comprados el mes pasado,4.7,Gatos
"hicc pet toallitas de limpieza de dientes para perros y gatos, elimina el mal aliento eliminando la placa y la acumulación de sarro, cepillo de dientes de dedo de perro, cepillo de dientes desechable",13.59,"5,528",1 K+ comprados el mes pasado,4.3,Gatos
"saffory - cortadora eléctrica de patas con luz led, impermeable, recargable, de bajo ruido, afeitadora de pelo de mascotas para perros y gatos",21.97,206,1 K+ comprados el mes pasado,4.4,Gatos
"caja de arena portátil de viaje para gatos con tapa con cremallera, caja de arena plegable de viaje, sin fugas, sin olor, impermeable, fácil de transportar, fácil de usar en hoteles, automóviles",14.99,222,1 K+ comprados el mes pasado,4.5,Gatos
"cuchara de arena para gatos de acero inoxidable, cuchara de arena de metal para gatos, pala de metal para gatitos, pala de malla resistente, pala para gatos adecuada para caja de arena para",6.19,181,1 K+ comprados el mes pasado,4.6,Gatos
"collar calmante para perros, paquete de 4 unidades, collar de feromona, alivia la ansiedad y la separación del estrés, dura 60 días, 25 pulgadas flexible ajustable, gris, para perros",17.99,75,1 K+ comprados el mes pasado,4.6,Perros
"molinillo de uñas para perros profesionales, 3 velocidades, eléctrico, silencioso, recortador de uñas recargable para perro, con 2 luces led / 2 ruedas molinillo de uñas, para pequeño",8.56,105,1 K+ comprados el mes pasado,4.5,Perros
"collar natural para pulgas y garrapatas para perros, paquete de 4, 8 meses de protección de larga duración, impermeable, tamaño ajustable para perros pequeños, medianos y grandes",35.99,102,1 K+ comprados el mes pasado,4.6,Perros
"pelota interactiva de juguetes para gatos de interior, [2025 recientemente actualizada] bola de gato ágil en movimiento con cola de malla elástica, juguetes automáticos para gatos adultos",20.99,190,1 K+ comprados el mes pasado,4.5,Gatos
"pooph® almohadillas para orinastm️ para cachorros a personas mayores, enfermas o mascotas domésticas. absorbe hasta 59 onzas, elimina el olor orgánico en contacto, a prueba de fugas, a prueba de fugas,",29.99,460,1 K+ comprados el mes pasado,4.2,Perros
"oneisall recortadora de patas de perro de bajo ruido con luz led, recortadora de patas para perros, hoja ancha de 0.8 pulgadas/0.787 in, 35 db, cortadora eléctrica inalámbrica de patas de mascotas",17.99,112,1 K+ comprados el mes pasado,4.4,Perros
"comedero automático para gatos con cámara inteligente: vista en vivo hd de 1080p con visión nocturna, alimentador automático 5g para perros con audio bidireccional, desmontable para una",59.99,271,1 K+ comprados el mes pasado,4.4,Gatos
"kit de aseo para perros de 3 piezas, cepillo para despellizar, cepillo de baño y peine para suministros para mascotas (azul negro)",9.98,231,1 K+ comprados el mes pasado,4.6,Perros
juguete de tablero rascador de órgano mágico de acordeón para gatos – kitty kurlz ball scratch pad scratcher 1 pack,9.49,589,1 K+ comprados el mes pasado,3.2,Gatos
"ingenuity doorway - puerta para perros y bebés serie 42w, para interiores y exteriores, no se oxida ni se decolora, se adapta a aberturas de 23-42 pulgadas, 24 pulgadas de alto",19.99,424,1 K+ comprados el mes pasado,3.8,Perros
juguetes chirriantes para perros masticadores agresivos – juguetes para perros grandes – juguetes masticables para perros para cachorros – juguetes para perros para mantenerlos ocupados –,15.99,419,1 K+ comprados el mes pasado,4.1,Perros
fuente de agua para gatos en interior: fuentes para gatos de 80 oz/2.4 l para beber - cuencos silenciosos para regar mascotas para gatos en el interior - suministros de agua para gatitos negros - para,16.99,259,1 K+ comprados el mes pasado,4.4,Gatos
"tapete grande de 34 x 22 pulgadas para caja de arena para gatos, almohadilla de silicona impermeable para el suelo, gris oscuro",22.99,79,1 K+ comprados el mes pasado,4.5,Gatos
"difusor de feromonas calmantes para perros 6 en 1, kit de difusor de feromonas apaciguador para calmar (2 enchufes+4 paquetes de 1.6 fl oz de repuesto) para aliviar la ansiedad, reducir la agresión",38.99,35,1 K+ comprados el mes pasado,4.5,Perros
fuente de agua para perros grandes: 7l/236oz/1.8g fuente para perros de acero inoxidable - fuente de agua para gatos grandes para interiores - fuente de agua súper silenciosa para perros en el,36.99,367,1 K+ comprados el mes pasado,4.6,Gatos
"bozal para perros grandes – bozal de malla de aire para perros de gran tamaño | bozales ajustables para perros sin ladridos para barrer, lamer y masticar | evita morder",7.19,274,1 K+ comprados el mes pasado,3.9,Perros
"collar de choque de perro 2 en 1 y collar de ladrido de perro, collar de entrenamiento de perro de 4200 pies con control remoto, 3 modos de entrenamiento y luz para paseos nocturnos, ip67 impermeable",47.49,64,,4.8,Correas para Mascotas
